"","G339D","S371L","S373P","S375F","K417N","N440K","G446S","S477N","T478K","E484A","Q493R","G496S","Q498R","N501Y","Y505H","S371F","T376A","R408S","D405N","Date"
"1",0,0,0,0,0,0,0,0,0,0,0,0,0,0,0,0,0,0,0,2020-03-13
"2",0,0,0,0,0,0,0,0,0,0,0,0,0,0,0,0,0,0,0,2020-03-14
"3",0,0,0,0,0,0,0,0,0,0,0,0,0,0,0,0,0,0,0,2020-03-15
"4",0,0,0,0,0,0,0,0,0,0,0,0,0,0,0,0,0,0,0,2020-03-16
"5",0,0,0,0,0,0,0,0,0,0,0,0,0,0,0,0,0,0,0,2020-03-17
"6",0,0,0,0,0,0,0,0,0,0,0,0,0,0,0,0,0,0,0,2020-03-18
"7",0,0,0,0,0,0,0,0,0,0,0,0,0,0,0,0,0,0,0,2020-03-20
"8",0,0,0,0,0,0,0,0,0,0,0,0,0,0,0,0,0,0,0,2020-03-21
"9",0,0,0,0,0,0,0,0,0,0,0,0,0,0,0,0,0,0,0,2020-03-22
"10",0,0,0,0,0,0,0,0,0,0,0,0,0,0,0,0,0,0,0,2020-03-23
"11",0,0,0,0,0,0,0,0,0,0,0,0,0,0,0,0,0,0,0,2020-03-24
"12",0,0,0,0,0,0,0,0,0,0,0,0,0,0,0,0,0,0,0,2020-03-25
"13",0,0,0,0,0,0,0,0,0,0,0,0,0,0,0,0,0,0,0,2020-03-26
"14",0,0,0,0,0,0,0,0,0,0,0,0,0,0,0,0,0,0,0,2020-03-27
"15",0,0,0,0,0,0,0,0,0,0,0,0,0,0,0,0,0,0,0,2020-03-28
"16",0,0,0,0,0,0,0,0,0,0,0,0,0,0,0,0,0,0,0,2020-03-29
"17",0,0,0,0,0,0,0,0,0,0,0,0,0,0,0,0,0,0,0,2020-03-30
"18",0,0,0,0,0,0,0,0,0,0,0,0,0,0,0,0,0,0,0,2020-03-31
"19",0,0,0,0,0,0,0,0,0,0,0,0,0,0,0,0,0,0,0,2020-04-01
"20",0,0,0,0,0,0,0,0,0,0,0,0,0,0,0,0,0,0,0,2020-04-02
"21",0,0,0,0,0,0,0,0,0,0,0,0,0,0,0,0,0,0,0,2020-04-03
"22",0,0,0,0,0,0,0,0,0,0,0,0,0,0,0,0,0,0,0,2020-04-04
"23",0,0,0,0,0,0,0,0,0,0,0,0,0,0,0,0,0,0,0,2020-04-05
"24",0,0,0,0,0,0,0,0,0,0,0,0,0,0,0,0,0,0,0,2020-04-06
"25",0,0,0,0,0,0,0,0,0,0,0,0,0,0,0,0,0,0,0,2020-04-07
"26",0,0,0,0,0,0,0,0,0,0,0,0,0,0,0,0,0,0,0,2020-04-08
"27",0,0,0,0,0,0,0,0,0,0,0,0,0,0,0,0,0,0,0,2020-04-09
"28",0,0,0,0,0,0,0,0,0,0,0,0,0,0,0,0,0,0,0,2020-04-10
"29",0,0,0,0,0,0,0,0,0,0,0,0,0,0,0,0,0,0,0,2020-04-11
"30",0,0,0,0,0,0,0,0,0,0,0,0,0,0,0,0,0,0,0,2020-04-12
"31",0,0,0,0,0,0,0,0,0,0,0,0,0,0,0,0,0,0,0,2020-04-13
"32",0,0,0,0,0,0,0,0,0,0,0,0,0,0,0,0,0,0,0,2020-04-14
"33",0,0,0,0,0,0,0,0,0,0,0,0,0,0,0,0,0,0,0,2020-04-15
"34",0,0,0,0,0,0,0,0,0,0,0,0,0,0,0,0,0,0,0,2020-04-16
"35",0,0,0,0,0,0,0,0,0,0,0,0,0,0,0,0,0,0,0,2020-04-17
"36",0,0,0,0,0,0,0,0,0,0,0,0,0,0,0,0,0,0,0,2020-04-18
"37",0,0,0,0,0,0,0,0,0,0,0,0,0,0,0,0,0,0,0,2020-04-19
"38",0,0,0,0,0,0,0,0,0,0,0,0,0,0,0,0,0,0,0,2020-04-20
"39",0,0,0,0,0,0,0,0,0,0,0,0,0,0,0,0,0,0,0,2020-04-21
"40",0,0,0,0,0,0,0,0,0,0,0,0,0,0,0,0,0,0,0,2020-04-22
"41",0,0,0,0,0,0,0,0,0,0,0,0,0,0,0,0,0,0,0,2020-04-23
"42",0,0,0,0,0,0,0,0,0,0,0,0,0,0,0,0,0,0,0,2020-04-24
"43",0,0,0,0,0,0,0,0,0,0,0,0,0,0,0,0,0,0,0,2020-04-25
"44",0,0,0,0,0,0,0,0,0,0,0,0,0,0,0,0,0,0,0,2020-04-26
"45",0,0,0,0,0,0,0,0,0,0,0,0,0,0,0,0,0,0,0,2020-04-27
"46",0,0,0,0,0,0,0,0,0,0,0,0,0,0,0,0,0,0,0,2020-04-28
"47",0,0,0,0,0,0,0,0,0,0,0,0,0,0,0,0,0,0,0,2020-04-29
"48",0,0,0,0,0,0,0,0,0,0,0,0,0,0,0,0,0,0,0,2020-04-30
"49",0,0,0,0,0,0,0,0,0,0,0,0,0,0,0,0,0,0,0,2020-05-01
"50",0,0,0,0,0,0,0,0,0,0,0,0,0,0,0,0,0,0,0,2020-05-02
"51",0,0,0,0,0,0,0,0,0,0,0,0,0,0,0,0,0,0,0,2020-05-03
"52",0,0,0,0,0,0,0,0,0,0,0,0,0,0,0,0,0,0,0,2020-05-04
"53",0,0,0,0,0,0,0,0,0,0,0,0,0,0,0,0,0,0,0,2020-05-05
"54",0,0,0,0,0,0,0,0,0,0,0,0,0,0,0,0,0,0,0,2020-05-06
"55",0,0,0,0,0,0,0,0,0,0,0,0,0,0,0,0,0,0,0,2020-05-07
"56",0,0,0,0,0,0,0,0,0,0,0,0,0,0,0,0,0,0,0,2020-05-08
"57",0,0,0,0,0,0,0,0,0,0,0,0,0,0,0,0,0,0,0,2020-05-09
"58",0,0,0,0,0,0,0,0,0,0,0,0,0,0,0,0,0,0,0,2020-05-10
"59",0,0,0,0,0,0,0,0,0,0,0,0,0,0,0,0,0,0,0,2020-05-11
"60",0,0,0,0,0,0,0,0,0,0,0,0,0,0,0,0,0,0,0,2020-05-12
"61",0,0,0,0,0,0,0,0,0,0,0,0,0,0,0,0,0,0,0,2020-05-13
"62",0,0,0,0,0,0,0,0,0,0,0,0,0,0,0,0,0,0,0,2020-05-14
"63",0,0,0,0,0,0,0,0,0,0,0,0,0,0,0,0,0,0,0,2020-05-15
"64",0,0,0,0,0,0,0,0,0,0,0,0,0,0,0,0,0,0,0,2020-05-16
"65",0,0,0,0,0,0,0,0,0,0,0,0,0,0,0,0,0,0,0,2020-05-17
"66",0,0,0,0,0,0,0,0,0,0,0,0,0,0,0,0,0,0,0,2020-05-18
"67",0,0,0,0,0,0,0,0,0,0,0,0,0,0,0,0,0,0,0,2020-05-19
"68",0,0,0,0,0,0,0,0,0,0,0,0,0,0,0,0,0,0,0,2020-05-20
"69",0,0,0,0,0,0,0,0,0,0,0,0,0,0,0,0,0,0,0,2020-05-21
"70",0,0,0,0,0,0,0,0,0,0,0,0,0,0,0,0,0,0,0,2020-05-22
"71",0,0,0,0,0,0,0,0,0,0,0,0,0,0,0,0,0,0,0,2020-05-23
"72",0,0,0,0,0,0,0,0,0,0,0,0,0,0,0,0,0,0,0,2020-05-24
"73",0,0,0,0,0,0,0,0,0,0,0,0,0,0,0,0,0,0,0,2020-05-25
"74",0,0,0,0,0,0,0,0,0,0,0,0,0,0,0,0,0,0,0,2020-05-26
"75",0,0,0,0,0,0,0,0,0,0,0,0,0,0,0,0,0,0,0,2020-05-27
"76",0,0,0,0,0,0,0,0,0,0,0,0,0,0,0,0,0,0,0,2020-05-28
"77",0,0,0,0,0,0,0,0,0,0,0,0,0,0,0,0,0,0,0,2020-05-29
"78",0,0,0,0,0,0,0,0,0,0,0,0,0,0,0,0,0,0,0,2020-05-30
"79",0,0,0,0,0,0,0,0,0,0,0,0,0,0,0,0,0,0,0,2020-05-31
"80",0,0,0,0,0,0,0,0,0,0,0,0,0,0,0,0,0,0,0,2020-06-01
"81",0,0,0,0,0,0,0,0,0,0,0,0,0,0,0,0,0,0,0,2020-06-02
"82",0,0,0,0,0,0,0,0,0,0,0,0,0,0,0,0,0,0,0,2020-06-03
"83",0,0,0,0,0,0,0,0,0,0,0,0,0,0,0,0,0,0,0,2020-06-04
"84",0,0,0,0,0,0,0,0,0,0,0,0,0,0,0,0,0,0,0,2020-06-05
"85",0,0,0,0,0,0,0,0,0,0,0,0,0,0,0,0,0,0,0,2020-06-06
"86",0,0,0,0,0,0,0,0,0,0,0,0,0,0,0,0,0,0,0,2020-06-07
"87",0,0,0,0,0,0,0,0,0,0,0,0,0,0,0,0,0,0,0,2020-06-08
"88",0,0,0,0,0,0,0,0,0,0,0,0,0,0,0,0,0,0,0,2020-06-09
"89",0,0,0,0,0,0,0,0,0,0,0,0,0,0,0,0,0,0,0,2020-06-10
"90",0,0,0,0,0,0,0,0,0,0,0,0,0,0,0,0,0,0,0,2020-06-11
"91",0,0,0,0,0,0,0,0,0,0,0,0,0,0,0,0,0,0,0,2020-06-12
"92",0,0,0,0,0,0,0,0,0,0,0,0,0,0,0,0,0,0,0,2020-06-13
"93",0,0,0,0,0,0,0,0,0,0,0,0,0,0,0,0,0,0,0,2020-06-14
"94",0,0,0,0,0,0,0,0,0,0,0,0,0,0,0,0,0,0,0,2020-06-15
"95",0,0,0,0,0,0,0,0,0,0,0,0,0,0,0,0,0,0,0,2020-06-16
"96",0,0,0,0,0,0,0,0,0,0,0,0,0,0,0,0,0,0,0,2020-06-17
"97",0,0,0,0,0,0,0,0,0,0,0,0,0,0,0,0,0,0,0,2020-06-18
"98",0,0,0,0,0,0,0,0,0,0,0,0,0,0,0,0,0,0,0,2020-06-19
"99",0,0,0,0,0,0,0,0,0,0,0,0,0,0,0,0,0,0,0,2020-06-20
"100",0,0,0,0,0,0,0,0,0,0,0,0,0,0,0,0,0,0,0,2020-06-21
"101",0,0,0,0,0,0,0,0,0,0,0,0,0,0,0,0,0,0,0,2020-06-22
"102",0,0,0,0,0,0,0,0,0,0,0,0,0,0,0,0,0,0,0,2020-06-23
"103",0,0,0,0,0,0,0,0,0,0,0,0,0,0,0,0,0,0,0,2020-06-24
"104",0,0,0,0,0,0,0,0,0,0,0,0,0,0,0,0,0,0,0,2020-06-25
"105",0,0,0,0,0,0,0,0,0,0,0,0,0,0,0,0,0,0,0,2020-06-26
"106",0,0,0,0,0,0,0,0,0,0,0,0,0,0,0,0,0,0,0,2020-06-27
"107",0,0,0,0,0,0,0,0,0,0,0,0,0,0,0,0,0,0,0,2020-06-28
"108",0,0,0,0,0,0,0,0,0,0,0,0,0,0,0,0,0,0,0,2020-06-29
"109",0,0,0,0,0,0,0,0,0,0,0,0,0,0,0,0,0,0,0,2020-06-30
"110",0,0,0,0,0,0,0,0,0,0,0,0,0,0,0,0,0,0,0,2020-07-01
"111",0,0,0,0,0,0,0,0,0,0,0,0,0,0,0,0,0,0,0,2020-07-02
"112",0,0,0,0,0,0,0,0,0,0,0,0,0,0,0,0,0,0,0,2020-07-03
"113",0,0,0,0,0,0,0,0,0,0,0,0,0,0,0,0,0,0,0,2020-07-04
"114",0,0,0,0,0,0,0,0,0,0,0,0,0,0,0,0,0,0,0,2020-07-05
"115",0,0,0,0,0,0,0,0,0,0,0,0,0,0,0,0,0,0,0,2020-07-06
"116",0,0,0,0,0,0,0,0,0,0,0,0,0,0,0,0,0,0,0,2020-07-07
"117",0,0,0,0,0,0,0,0,0,0,0,0,0,0,0,0,0,0,0,2020-07-08
"118",0,0,0,0,0,0,0,0,0,0,0,0,0,0,0,0,0,0,0,2020-07-09
"119",0,0,0,0,0,0,0,0,0,0,0,0,0,0,0,0,0,0,0,2020-07-10
"120",0,0,0,0,0,0,0,0,0,0,0,0,0,0,0,0,0,0,0,2020-07-11
"121",0,0,0,0,0,0,0,0,0,0,0,0,0,0,0,0,0,0,0,2020-07-12
"122",0,0,0,0,0,0,0,0,0,0,0,0,0,0,0,0,0,0,0,2020-07-13
"123",0,0,0,0,0,0,0,0,0,0,0,0,0,0,0,0,0,0,0,2020-07-14
"124",0,0,0,0,0,0,0,0,0,0,0,0,0,0,0,0,0,0,0,2020-07-15
"125",0,0,0,0,0,0,0,0,0,0,0,0,0,0,0,0,0,0,0,2020-07-16
"126",0,0,0,0,0,0,0,0,0,0,0,0,0,0,0,0,0,0,0,2020-07-17
"127",0,0,0,0,0,0,0,0,0,0,0,0,0,0,0,0,0,0,0,2020-07-18
"128",0,0,0,0,0,0,0,0,0,0,0,0,0,0,0,0,0,0,0,2020-07-19
"129",0,0,0,0,0,0,0,0,0,0,0,0,0,0,0,0,0,0,0,2020-07-20
"130",0,0,0,0,0,0,0,0,0,0,0,0,0,0,0,0,0,0,0,2020-07-21
"131",0,0,0,0,0,0,0,0,0,0,0,0,0,0,0,0,0,0,0,2020-07-22
"132",0,0,0,0,0,0,0,0,0,0,0,0,0,0,0,0,0,0,0,2020-07-23
"133",0,0,0,0,0,0,0,0,0.00649350649350649,0,0,0,0,0,0,0,0,0,0,2020-07-24
"134",0,0,0,0,0,0,0,0,0.00649350649350649,0,0,0,0,0,0,0,0,0,0,2020-07-25
"135",0,0,0,0,0,0,0,0,0.00649350649350649,0,0,0,0,0,0,0,0,0,0,2020-07-26
"136",0,0,0,0,0,0,0,0,0.0303030303030303,0,0,0,0,0,0,0,0,0,0,2020-07-27
"137",0,0,0,0,0,0,0,0,0.0382395382395382,0,0,0,0,0,0,0,0,0,0,2020-07-28
"138",0,0,0,0,0,0,0,0,0.0446127946127946,0,0,0,0,0,0,0,0,0,0,2020-07-29
"139",0,0,0,0,0,0,0,0,0.0535353535353535,0,0,0,0,0,0,0,0,0,0,2020-07-30
"140",0,0,0,0,0,0,0,0,0.0444444444444444,0,0,0,0,0,0,0,0,0,0,2020-07-31
"141",0,0,0,0,0,0,0,0,0.0444444444444444,0,0,0,0,0,0,0,0,0,0,2020-08-01
"142",0,0,0,0,0,0,0,0,0.0444444444444444,0,0,0,0,0,0,0,0,0,0,2020-08-02
"143",0,0,0,0,0,0,0,0,0.0138888888888889,0,0,0,0,0,0,0,0,0,0,2020-08-03
"144",0,0,0,0,0,0,0,0,0,0,0,0,0,0,0,0,0,0,0,2020-08-04
"145",0,0,0,0,0,0,0,0,0,0,0,0,0,0,0,0,0,0,0,2020-08-05
"146",0,0,0,0,0,0,0,0,0,0,0,0,0,0,0,0,0,0,0,2020-08-06
"147",0,0,0,0,0,0,0,0,0,0,0,0,0,0,0,0,0,0,0,2020-08-07
"148",0,0,0,0,0,0,0,0,0,0,0,0,0,0,0,0,0,0,0,2020-08-08
"149",0,0,0,0,0,0,0,0,0,0,0,0,0,0,0,0,0,0,0,2020-08-09
"150",0,0,0,0,0,0,0,0,0,0,0,0,0,0,0,0,0,0,0,2020-08-10
"151",0,0,0,0,0,0,0,0,0,0,0,0,0,0,0,0,0,0,0,2020-08-11
"152",0,0,0,0,0,0,0,0,0,0,0,0,0,0,0,0,0,0,0,2020-08-12
"153",0,0,0,0,0,0,0,0,0,0,0,0,0,0,0,0,0,0,0,2020-08-13
"154",0,0,0,0,0,0,0,0,0,0,0,0,0,0,0,0,0,0,0,2020-08-14
"155",0,0,0,0,0,0,0,0,0,0,0,0,0,0,0,0,0,0,0,2020-08-15
"156",0,0,0,0,0,0,0,0,0,0,0,0,0,0,0,0,0,0,0,2020-08-16
"157",0,0,0,0,0,0,0,0,0.0158730158730159,0,0,0,0,0,0,0,0,0,0,2020-08-17
"158",0,0,0,0,0,0,0,0,0.0158730158730159,0,0,0,0,0,0,0,0,0,0,2020-08-18
"159",0,0,0,0,0,0,0,0,0.0185185185185185,0,0,0,0,0,0,0,0,0,0,2020-08-19
"160",0,0,0,0,0,0,0,0,0.0222222222222222,0,0,0,0,0,0,0,0,0,0,2020-08-20
"161",0,0,0,0,0,0,0,0,0.0222222222222222,0,0,0,0,0,0,0,0,0,0,2020-08-21
"162",0,0,0,0,0,0,0,0,0.0222222222222222,0,0,0,0,0,0,0,0,0,0,2020-08-22
"163",0,0,0,0,0,0,0,0,0.0222222222222222,0,0,0,0,0,0,0,0,0,0,2020-08-23
"164",0,0,0,0,0,0,0,0,0,0,0,0,0,0,0,0,0,0,0,2020-08-24
"165",0,0,0,0,0,0,0,0,0,0,0,0,0,0,0,0,0,0,0,2020-08-25
"166",0,0,0,0,0,0,0,0,0,0,0,0,0,0,0,0,0,0,0,2020-08-26
"167",0,0,0,0,0,0,0,0,0,0,0,0,0,0,0,0,0,0,0,2020-08-27
"168",0,0,0,0,0,0,0,0,0,0,0,0,0,0,0,0,0,0,0,2020-08-28
"169",0,0,0,0,0,0,0,0,0,0,0,0,0,0,0,0,0,0,0,2020-08-29
"170",0,0,0,0,0,0,0,0,0,0,0,0,0,0,0,0,0,0,0,2020-08-30
"171",0,0,0,0,0,0,0,0,0,0,0,0,0,0,0,0,0,0,0,2020-08-31
"172",0,0,0,0,0,0,0,0,0,0,0,0,0,0,0,0,0,0,0,2020-09-01
"173",0,0,0,0,0,0,0,0,0,0,0,0,0,0,0,0,0,0,0,2020-09-02
"174",0,0,0,0,0,0,0,0,0,0,0,0,0,0,0,0,0,0,0,2020-09-03
"175",0,0,0,0,0,0,0,0,0,0,0,0,0,0,0,0,0,0,0,2020-09-04
"176",0,0,0,0,0,0,0,0,0,0,0,0,0,0,0,0,0,0,0,2020-09-05
"177",0,0,0,0,0,0,0,0,0,0,0,0,0,0,0,0,0,0,0,2020-09-06
"178",0,0,0,0,0,0,0,0,0,0,0,0,0,0,0,0,0,0,0,2020-09-07
"179",0,0,0,0,0,0,0,0,0,0,0,0,0,0,0,0,0,0,0,2020-09-08
"180",NA,NA,NA,NA,NA,NA,NA,NA,NA,NA,NA,NA,NA,NA,NA,NA,NA,NA,NA,2020-09-09
"181",NA,NA,NA,NA,NA,NA,NA,NA,NA,NA,NA,NA,NA,NA,NA,NA,NA,NA,NA,2020-09-10
"182",NA,NA,NA,NA,NA,NA,NA,NA,NA,NA,NA,NA,NA,NA,NA,NA,NA,NA,NA,2020-09-11
"183",NA,NA,NA,NA,NA,NA,NA,NA,NA,NA,NA,NA,NA,NA,NA,NA,NA,NA,NA,2020-09-12
"184",NA,NA,NA,NA,NA,NA,NA,NA,NA,NA,NA,NA,NA,NA,NA,NA,NA,NA,NA,2020-09-13
"185",NA,NA,NA,NA,NA,NA,NA,NA,NA,NA,NA,NA,NA,NA,NA,NA,NA,NA,NA,2020-09-14
"186",NA,NA,NA,NA,NA,NA,NA,NA,NA,NA,NA,NA,NA,NA,NA,NA,NA,NA,NA,2020-09-15
"187",NA,NA,NA,NA,NA,NA,NA,NA,NA,NA,NA,NA,NA,NA,NA,NA,NA,NA,NA,2020-09-16
"188",NA,NA,NA,NA,NA,NA,NA,NA,NA,NA,NA,NA,NA,NA,NA,NA,NA,NA,NA,2020-09-17
"189",NA,NA,NA,NA,NA,NA,NA,NA,NA,NA,NA,NA,NA,NA,NA,NA,NA,NA,NA,2020-09-18
"190",NA,NA,NA,NA,NA,NA,NA,NA,NA,NA,NA,NA,NA,NA,NA,NA,NA,NA,NA,2020-09-19
"191",NA,NA,NA,NA,NA,NA,NA,NA,NA,NA,NA,NA,NA,NA,NA,NA,NA,NA,NA,2020-09-20
"192",NA,NA,NA,NA,NA,NA,NA,NA,NA,NA,NA,NA,NA,NA,NA,NA,NA,NA,NA,2020-09-21
"193",0,0,0,0,0,0,0,0,0,0,0,0,0,0,0,0,0,0,0,2020-09-22
"194",0,0,0,0,0,0,0,0,0,0,0,0,0,0,0,0,0,0,0,2020-09-23
"195",0,0,0,0,0,0,0,0,0,0,0,0,0,0,0,0,0,0,0,2020-09-24
"196",0,0,0,0,0,0,0,0,0,0,0,0,0,0,0,0,0,0,0,2020-09-25
"197",0,0,0,0,0,0,0,0,0,0,0,0,0,0,0,0,0,0,0,2020-09-26
"198",0,0,0,0,0,0,0,0,0,0,0,0,0,0,0,0,0,0,0,2020-09-27
"199",0,0,0,0,0,0,0,0,0,0,0,0,0,0,0,0,0,0,0,2020-09-28
"200",0,0,0,0,0,0,0,0,0,0,0,0,0,0,0,0,0,0,0,2020-09-29
"201",0,0,0,0,0,0,0,0,0,0,0,0,0,0,0,0,0,0,0,2020-09-30
"202",0,0,0,0,0,0,0,0,0,0,0,0,0,0,0,0,0,0,0,2020-10-01
"203",0,0,0,0,0,0,0,0,0,0,0,0,0,0,0,0,0,0,0,2020-10-02
"204",0,0,0,0,0,0,0,0,0,0,0,0,0,0,0,0,0,0,0,2020-10-03
"205",0,0,0,0,0,0,0,0,0,0,0,0,0,0,0,0,0,0,0,2020-10-04
"206",0,0,0,0,0,0,0,0,0,0,0,0,0,0,0,0,0,0,0,2020-10-05
"207",0,0,0,0,0,0,0,0,0,0,0,0,0,0,0,0,0,0,0,2020-10-06
"208",0,0,0,0,0,0,0,0,0,0,0,0,0,0,0,0,0,0,0,2020-10-07
"209",0,0,0,0,0,0,0,0,0,0,0,0,0,0,0,0,0,0,0,2020-10-08
"210",0,0,0,0,0,0,0,0,0,0,0,0,0,0,0,0,0,0,0,2020-10-09
"211",0,0,0,0,0,0,0,0,0,0,0,0,0,0,0,0,0,0,0,2020-10-10
"212",0,0,0,0,0,0,0,0,0,0,0,0,0,0,0,0,0,0,0,2020-10-11
"213",0,0,0,0,0,0,0,0,0,0,0,0,0,0,0,0,0,0,0,2020-10-12
"214",0,0,0,0,0,0,0,0,0,0,0,0,0,0,0,0,0,0,0,2020-10-13
"215",0,0,0,0,0,0,0,0,0,0,0,0,0,0,0,0,0,0,0,2020-10-14
"216",0,0,0,0,0,0,0,0,0,0,0,0,0,0,0,0,0,0,0,2020-10-15
"217",0,0,0,0,0,0,0,0,0,0,0,0,0,0,0,0,0,0,0,2020-10-16
"218",0,0,0,0,0,0,0,0,0,0,0,0,0,0,0,0,0,0,0,2020-10-17
"219",0,0,0,0,0,0,0,0,0,0,0,0,0,0,0,0,0,0,0,2020-10-18
"220",0,0,0,0,0,0,0,0,0,0,0,0,0,0,0,0,0,0,0,2020-10-19
"221",0,0,0,0,0,0,0,0,0,0,0,0,0,0,0,0,0,0,0,2020-10-20
"222",0,0,0,0,0,0,0,0,0,0,0,0,0,0,0,0,0,0,0,2020-10-21
"223",0,0,0,0,0,0,0,0,0,0,0,0,0,0,0,0,0,0,0,2020-10-22
"224",0,0,0,0,0,0,0,0,0,0,0,0,0,0,0,0,0,0,0,2020-10-23
"225",0,0,0,0,0,0,0,0,0,0,0,0,0,0,0,0,0,0,0,2020-10-24
"226",0,0,0,0,0,0,0,0,0,0,0,0,0,0,0,0,0,0,0,2020-10-25
"227",0,0,0,0,0,0,0,0,0,0,0,0,0,0,0,0,0,0,0,2020-10-26
"228",0,0,0,0,0,0,0,0,0,0,0,0,0,0,0,0,0,0,0,2020-10-27
"229",0,0,0,0,0,0,0,0,0,0,0,0,0,0,0,0,0,0,0,2020-10-28
"230",0,0,0,0,0,0,0,0,0,0,0,0,0,0,0,0,0,0,0,2020-10-29
"231",0,0,0,0,0,0,0,0,0,0,0,0,0,0,0,0,0,0,0,2020-10-30
"232",0,0,0,0,0,0,0,0,0,0,0,0,0,0,0,0,0,0,0,2020-10-31
"233",0,0,0,0,0,0,0,0,0,0,0,0,0,0,0,0,0,0,0,2020-11-01
"234",0,0,0,0,0,0,0,0,0,0,0,0,0,0,0,0,0,0,0,2020-11-02
"235",0,0,0,0,0,0,0,0,0,0,0,0,0,0,0,0,0,0,0,2020-11-03
"236",0,0,0,0,0,0,0,0,0,0,0,0,0,0,0,0,0,0,0,2020-11-04
"237",0,0,0,0,0,0,0,0,0,0,0,0,0,0,0,0,0,0,0,2020-11-05
"238",0,0,0,0,0,0,0,0,0,0,0,0,0,0,0,0,0,0,0,2020-11-06
"239",0,0,0,0,0,0,0,0,0,0,0,0,0,0,0,0,0,0,0,2020-11-07
"240",0,0,0,0,0,0,0,0,0,0,0,0,0,0,0,0,0,0,0,2020-11-08
"241",0,0,0,0,0,0,0,0,0,0,0,0,0,0,0,0,0,0,0,2020-11-09
"242",0,0,0,0,0,0,0,0,0,0,0,0,0,0,0,0,0,0,0,2020-11-10
"243",0,0,0,0,0,0,0,0,0,0,0,0,0,0,0,0,0,0,0,2020-11-11
"244",0,0,0,0,0,0,0,0,0,0,0,0,0,0,0,0,0,0,0,2020-11-12
"245",0,0,0,0,0,0,0,0,0,0,0,0,0,0,0,0,0,0,0,2020-11-13
"246",0,0,0,0,0,0,0,0,0,0,0,0,0,0,0,0,0,0,0,2020-11-14
"247",0,0,0,0,0,0,0,0,0,0,0,0,0,0,0,0,0,0,0,2020-11-15
"248",0,0,0,0,0,0,0,0,0,0,0,0,0,0,0,0,0,0,0,2020-11-16
"249",0,0,0,0,0,0,0,0,0,0,0,0,0,0,0,0,0,0,0,2020-11-17
"250",0,0,0,0,0,0,0,0,0,0,0,0,0,0,0,0,0,0,0,2020-11-18
"251",0,0,0,0,0,0,0,0,0,0,0,0,0,0,0,0,0,0,0,2020-11-19
"252",0,0,0,0,0,0,0,0,0,0,0,0,0,0,0,0,0,0,0,2020-11-20
"253",0,0,0,0,0,0,0,0,0,0,0,0,0,0,0,0,0,0,0,2020-11-21
"254",0,0,0,0,0,0,0,0,0,0,0,0,0,0,0,0,0,0,0,2020-11-22
"255",0,0,0,0,0,0,0,0,0,0,0,0,0,0,0,0,0,0,0,2020-11-23
"256",0,0,0,0,0,0,0,0,0,0,0,0,0,0,0,0,0,0,0,2020-11-24
"257",0,0,0,0,0,0,0,0,0,0,0,0,0,0,0,0,0,0,0,2020-11-25
"258",0,0,0,0,0,0,0,0,0,0,0,0,0,0,0,0,0,0,0,2020-11-26
"259",0,0,0,0,0,0,0,0,0,0,0,0,0,0,0,0,0,0,0,2020-11-27
"260",0,0,0,0,0,0,0,0,0,0,0,0,0,0,0,0,0,0,0,2020-11-28
"261",NA,NA,NA,NA,NA,NA,NA,NA,NA,NA,NA,NA,NA,NA,NA,NA,NA,NA,NA,2020-11-29
"262",NA,NA,NA,NA,NA,NA,NA,NA,NA,NA,NA,NA,NA,NA,NA,NA,NA,NA,NA,2020-11-30
"263",NA,NA,NA,NA,NA,NA,NA,NA,NA,NA,NA,NA,NA,NA,NA,NA,NA,NA,NA,2020-12-01
"264",NA,NA,NA,NA,NA,NA,NA,NA,NA,NA,NA,NA,NA,NA,NA,NA,NA,NA,NA,2020-12-02
"265",NA,NA,NA,NA,NA,NA,NA,NA,NA,NA,NA,NA,NA,NA,NA,NA,NA,NA,NA,2020-12-03
"266",NA,NA,NA,NA,NA,NA,NA,NA,NA,NA,NA,NA,NA,NA,NA,NA,NA,NA,NA,2020-12-04
"267",NA,NA,NA,NA,NA,NA,NA,NA,NA,NA,NA,NA,NA,NA,NA,NA,NA,NA,NA,2020-12-05
"268",NA,NA,NA,NA,NA,NA,NA,NA,NA,NA,NA,NA,NA,NA,NA,NA,NA,NA,NA,2020-12-06
"269",NA,NA,NA,NA,NA,NA,NA,NA,NA,NA,NA,NA,NA,NA,NA,NA,NA,NA,NA,2020-12-07
"270",0,0,0,0,0,0,0,0,0,0,0,0,0,0,0,0,0,0,0,2020-12-08
"271",0,0,0,0,0,0,0,0,0,0,0,0,0,0,0,0,0,0,0,2020-12-09
"272",0,0,0,0,0,0,0,0,0,0,0,0,0,0,0,0,0,0,0,2020-12-10
"273",0,0,0,0,0,0,0,0,0,0,0,0,0,0,0,0,0,0,0,2020-12-11
"274",0,0,0,0,0,0,0,0,0,0,0,0,0,0,0,0,0,0,0,2020-12-12
"275",0,0,0,0,0,0,0,0,0,0,0,0,0,0,0,0,0,0,0,2020-12-13
"276",0,0,0,0,0,0,0,0,0,0,0,0,0,0,0,0,0,0,0,2020-12-14
"277",0,0,0,0,0,0,0,0,0,0,0,0,0,0,0,0,0,0,0,2020-12-15
"278",0,0,0,0,0,0,0,0.0263157894736842,0,0,0,0,0,0,0,0,0,0,0,2020-12-16
"279",0,0,0,0,0,0,0,0.0175438596491228,0,0,0,0,0,0,0,0,0,0,0,2020-12-17
"280",0,0,0,0,0,0,0,0.0175438596491228,0,0,0,0,0,0,0,0,0,0,0,2020-12-18
"281",0,0,0,0,0,0,0,0.0175438596491228,0,0,0,0,0,0,0,0,0,0,0,2020-12-19
"282",0,0,0,0,0,0,0,0.0175438596491228,0,0,0,0,0,0,0,0,0,0,0,2020-12-20
"283",0,0,0,0,0,0,0,0.0131578947368421,0,0,0,0,0,0,0,0,0,0,0,2020-12-21
"284",0,0,0,0,0,0,0,0.0131578947368421,0,0,0,0,0,0,0,0,0,0,0,2020-12-22
"285",0,0,0,0,0,0,0,0,0,0,0,0,0,0,0,0,0,0,0,2020-12-23
"286",0,0,0,0,0,0,0,0,0,0,0,0,0,0,0,0,0,0,0,2020-12-24
"287",0,0,0,0,0,0,0,0.00666666666666667,0,0,0,0,0,0,0,0,0,0,0,2020-12-25
"288",0,0,0,0,0,0,0,0.00555555555555556,0,0,0,0,0,0,0,0,0,0,0,2020-12-26
"289",0,0,0,0,0,0,0,0.00476190476190476,0,0,0,0,0,0,0,0,0,0,0,2020-12-27
"290",0,0,0,0,0,0,0,0.00476190476190476,0,0,0,0,0,0,0,0,0,0,0,2020-12-28
"291",0,0,0,0,0,0,0,0.00476190476190476,0,0,0,0,0,0,0,0,0,0,0,2020-12-29
"292",0,0,0,0,0,0,0,0.00476190476190476,0,0,0,0,0,0,0,0,0,0,0,2020-12-30
"293",0,0,0,0,0,0,0,0.00476190476190476,0,0,0,0,0,0.025974025974026,0,0,0,0,0,2020-12-31
"294",0,0,0,0,0,0,0,0,0,0,0,0,0,0.0463821892393321,0,0,0,0,0,2021-01-01
"295",0,0,0,0,0,0,0,0,0,0,0,0,0,0.0463821892393321,0,0,0,0,0,2021-01-02
"296",0,0,0,0,0,0,0,0,0,0,0,0,0,0.0463821892393321,0,0,0,0,0,2021-01-03
"297",0,0,0,0,0,0,0,0,0.00571428571428571,0,0,0,0,0.0463821892393321,0,0,0,0,0,2021-01-04
"298",0,0,0,0,0,0,0,0,0.00571428571428571,0,0,0,0,0.0463821892393321,0,0,0,0,0,2021-01-05
"299",0,0,0,0,0,0,0,0,0.00571428571428571,0,0,0,0,0.0463821892393321,0,0,0,0,0,2021-01-06
"300",0,0,0,0,0,0,0,0,0.00571428571428571,0,0,0,0,0.0204081632653061,0,0,0,0,0,2021-01-07
"301",0,0,0,0,0,0,0,0,0.00571428571428571,0,0,0,0,0,0,0,0,0,0,2021-01-08
"302",0,0,0,0,0,0,0,0,0.00571428571428571,0,0,0,0,0,0,0,0,0,0,2021-01-09
"303",0,0,0,0,0,0,0,0,0.00571428571428571,0,0,0,0,0,0,0,0,0,0,2021-01-10
"304",0,0,0,0,0,0,0,0,0,0,0,0,0,0,0,0,0,0,0,2021-01-11
"305",0,0,0,0,0,0,0,0,0.00432900432900433,0,0,0,0,0,0,0,0,0,0,2021-01-12
"306",0,0,0,0,0,0,0,0,0.00819000819000819,0,0,0,0,0,0,0,0,0,0,2021-01-13
"307",0,0,0,0,0,0,0,0,0.0200947700947701,0,0,0,0,0,0,0,0,0,0,2021-01-14
"308",0,0,0,0,0,0,0,0,0.0240630240630241,0,0,0,0,0,0,0,0,0,0,2021-01-15
"309",0,0,0,0,0,0,0,0.00571428571428571,0.0297773097773098,0,0,0,0,0,0,0,0,0,0,2021-01-16
"310",0,0,0,0,0,0,0,0.00571428571428571,0.0297773097773098,0,0,0,0,0,0,0,0,0,0,2021-01-17
"311",0,0,0,0,0,0,0,0.00571428571428571,0.0297773097773098,0,0,0,0,0,0,0,0,0,0,2021-01-18
"312",0,0,0,0,0,0,0,0.0128571428571429,0.0254483054483054,0,0,0,0,0,0,0,0,0,0,2021-01-19
"313",0,0,0,0,0,0,0,0.0128571428571429,0.0215873015873016,0,0,0,0,0,0,0,0,0,0,2021-01-20
"314",0,0,0,0,0,0,0,0.0128571428571429,0.00968253968253968,0,0,0,0,0,0,0,0,0,0,2021-01-21
"315",0,0,0,0,0,0,0,0.0158966565349544,0.00571428571428571,0,0,0,0,0,0,0,0,0,0,2021-01-22
"316",0,0,0,0,0,0,0,0.0101823708206687,0,0,0,0,0,0,0,0,0,0,0,2021-01-23
"317",0,0,0,0,0,0,0,0.0101823708206687,0,0,0,0,0,0,0,0,0,0,0,2021-01-24
"318",0,0,0,0,0,0,0,0.0156768763151742,0,0,0,0,0,0,0,0,0,0,0,2021-01-25
"319",0,0,0,0,0,0,0,0.0174625906008885,0,0,0,0,0,0,0,0,0,0,0,2021-01-26
"320",0,0,0,0,0,0,0,0.0174625906008885,0,0,0,0,0,0,0,0,0,0,0,2021-01-27
"321",0,0,0,0,0,0,0,0.0174625906008885,0,0,0,0,0,0,0,0,0,0,0,2021-01-28
"322",0,0,0,0,0,0,0,0.0172802197802198,0.00285714285714286,0,0,0,0,0,0,0,0,0,0,2021-01-29
"323",0,0,0,0,0,0,0,0.0172802197802198,0.0181632653061224,0,0,0,0,0.00510204081632653,0,0,0,0,0,2021-01-30
"324",0,0,0,0,0,0,0,0.0331532356532356,0.0181632653061224,0,0,0,0,0.00510204081632653,0,0,0,0,0,2021-01-31
"325",0,0,0,0,0,0,0,0.0333730158730159,0.0238775510204082,0,0,0,0,0.00510204081632653,0,0,0,0,0,2021-02-01
"326",0,0,0,0,0,0,0,0.0328478057889823,0.0238775510204082,0,0,0,0,0.00510204081632653,0,0,0,0,0,2021-02-02
"327",0,0,0,0,0,0,0,0.0328478057889823,0.0238775510204082,0,0,0,0,0.00510204081632653,0,0,0,0,0,2021-02-03
"328",0,0,0,0,0,0,0,0.0471335200746965,0.0238775510204082,0,0,0,0,0.00510204081632653,0,0,0,0,0,2021-02-04
"329",0,0,0,0,0,0,0,0.0442763772175537,0.0210204081632653,0,0,0,0,0.00510204081632653,0,0,0,0,0,2021-02-05
"330",0,0,0,0,0,0,0,0.0442763772175537,0.0171428571428571,0,0,0,0,0,0,0,0,0,0,2021-02-06
"331",0,0,0,0,0,0,0,0.0284033613445378,0.0171428571428571,0,0,0,0,0.00680272108843537,0,0,0,0,0,2021-02-07
"332",0,0,0,0,0,0,0,0.0226890756302521,0.0114285714285714,0,0,0,0,0.00680272108843537,0,0,0,0,0,2021-02-08
"333",0,0,0,0,0,0,0,0.0142857142857143,0.0114285714285714,0,0,0,0,0.0210884353741497,0,0,0,0,0,2021-02-09
"334",0,0,0,0,0,0,0,0.0142857142857143,0.0114285714285714,0,0,0,0,0.0210884353741497,0,0,0,0,0,2021-02-10
"335",0,0,0,0,0,0,0,0.0119047619047619,0.0233333333333333,0,0,0,0,0.0210884353741497,0,0,0,0,0,2021-02-11
"336",0,0,0,0,0,0,0,0.0119047619047619,0.0233333333333333,0,0,0,0,0.0210884353741497,0,0,0,0,0,2021-02-12
"337",0,0,0,0,0,0,0,0.0119047619047619,0.0404761904761905,0,0,0,0,0.0210884353741497,0,0,0,0,0,2021-02-13
"338",0,0,0,0,0,0,0,0.0119047619047619,0.0488795518207283,0,0,0,0,0.0226890756302521,0,0,0,0,0,2021-02-14
"339",0,0,0,0,0,0,0,0.0203081232492997,0.0740896358543417,0,0,0,0,0.0226890756302521,0,0,0,0,0,2021-02-15
"340",0,0,0,0,0,0,0,0.0203081232492997,0.0740896358543417,0,0,0,0,0.0343773873185638,0,0,0,0,0,2021-02-16
"341",0,0,0,0,0,0,0,0.0203081232492997,0.0740896358543417,0,0,0,0,0.0343773873185638,0,0,0,0,0,2021-02-17
"342",0,0,0,0,0,0,0,0.00840336134453781,0.0621848739495798,0,0,0,0,0.0343773873185638,0,0,0,0,0,2021-02-18
"343",0,0,0,0,0,0,0,0.00840336134453781,0.0769631990727325,0,0,0,0,0.118121229683096,0,0,0,0,0,2021-02-19
"344",0,0,0,0,0,0,0,0.0100644909126441,0.0500529000694103,0,0,0,0,0.216127874201368,0,0,0,0,0,2021-02-20
"345",0,0,0,0,0,0,0,0.0100644909126441,0.0575225545978883,0,0,0,0,0.281798586930904,0,0,0,0,0,2021-02-21
"346",0,0,0,0,0,0,0,0.00166112956810631,0.0509460109369457,0,0,0,0,0.294220947179352,0,0,0,0,0,2021-02-22
"347",0,0,0,0,0,0,0,0.00166112956810631,0.056237016227951,0,0,0,0,0.284119937078342,0,0,0,0,0,2021-02-23
"348",0,0,0,0,0,0,0,0.00166112956810631,0.0621893971803319,0,0,0,0,0.364477079935484,0,0,0,0,0,2021-02-24
"349",0,0,0,0,0,0,0,0.00166112956810631,0.0621893971803319,0,0,0,0,0.377464092922497,0,0,0,0,0,2021-02-25
"350",0,0,0,0,0,0,0,0.00542052806434691,0.0511704705534198,0,0,0,0,0.32003604003165,0,0,0,0,0,2021-02-26
"351",0,0,0,0,0,0.00357142857142857,0,0.0144736842105263,0.0495093409853135,0,0,0,0,0.257743681227663,0,0,0,0,0,2021-02-27
"352",0,0,0,0,0,0.00357142857142857,0,0.0197646895015316,0.0362818277578003,0,0,0,0,0.225997649481631,0,0,0,0,0,2021-02-28
"353",0,0,0,0,0,0.00357142857142857,0,0.0381978692250339,0.0268648772468806,0,0,0,0,0.213575289233184,0,0,0,0,0,2021-03-01
"354",0,0,0,0,0,0.00357142857142857,0,0.0381978692250339,0.0215738719558753,0,0,0,0,0.240559416217311,0,0,0,0,0,2021-03-02
"355",0,0,0,0,0,0.00357142857142857,0,0.0511848822120469,0.0156214910034944,0,0,0,0,0.173189286347181,0,0,0,0,0,2021-03-03
"356",0,0,0,0,0,0.00357142857142857,0,0.0670578980850628,0.0156214910034944,0,0,0,0,0.176075289233184,0,0,0,0,0,2021-03-04
"357",0,0,0,0,0,0.00357142857142857,0,0.0632984995888222,0.0186648135956892,0,0,0,0,0.190575826290112,0,0,0,0,0,2021-03-05
"358",0,0,0,0,0,0,0,0.067890336323516,0.0237668544120157,0,0,0,0,0.175269703841132,0,0,0,0,0,2021-03-06
"359",0,0,0,0,0,0,0,0.0668010117047797,0.025323032438782,0,0,0,0,0.179160148908048,0,0,0,0,0,2021-03-07
"360",0,0,0,0,0,0,0,0.0642408478542932,0.0213974478680361,0,0,0,0,0.200324170072069,0,0,0,0,0,2021-03-08
"361",0,0,0,0,0,0,0,0.0684425285265621,0.0213974478680361,0,0,0,0,0.199483833937615,0,0,0,0,0,2021-03-09
"362",0,0,0,0,0,0,0,0.0664445265285601,0.0323864588570471,0,0,0,0,0.219463853917635,0,0,0,0,0,2021-03-10
"363",0,0,0,0,0,0,0,0.0505715106555443,0.0453734718440601,0,0,0,0,0.268525902979684,0,0,0,0,0,2021-03-11
"364",0,0,0,0,0,0,0,0.0546531433086055,0.0508156487148084,0,0,0,0,0.276689168285807,0,0,0,0,0,2021-03-12
"365",0,0,0,0,0,0,0,0.046489878002483,0.0457136078984818,0,0,0,0,0.277709576449072,0,0,0,0,0,2021-03-13
"366",0,0,0,0,0,0,0,0.0504514626363366,0.0496751925323354,0,0,0,0,0.239654354360237,0,0,0,0,0,2021-03-14
"367",0,0,0,0,0,0.00476190476190476,0,0.0536260658109398,0.0681937110508539,0,0,0,0,0.266109380815263,0,0,0,0,0,2021-03-15
"368",0,0,0,0,0,0.00476190476190476,0,0.0592766018874393,0.0731198194252381,0,0,0,0,0.283205874585185,0,0,0,0,0,2021-03-16
"369",0,0,0,0,0,0.00476190476190476,0,0.0482875908984283,0.0997247933986332,0,0,0,0,0.317908014550483,0,0,0,0,0,2021-03-17
"370",0,0,0,0,0,0.00476190476190476,0,0.0584916725310814,0.0969418620442732,0,0,0,0,0.314197439411336,0,0,0,0,0,2021-03-18
"371",0,0,0,0,0,0.00476190476190476,0,0.0544100398780202,0.119328998717124,0,0,0,0,0.317165899522653,0,0,0,0,0,2021-03-19
"372",0,0,0,0,0,0.00476190476190476,0,0.0574712643678161,0.144839202798757,0,0,0,0,0.341655695441021,0,0,0,0,0,2021-03-20
"373",0,0,0,0,0,0.00476190476190476,0,0.0540699038235984,0.146199747016444,0,0,0,0,0.381111477753946,0,0,0,0,0,2021-03-21
"374",0,0,0,0,0,0.00595238095238095,0,0.0409746657283603,0.146199747016444,0,0,0,0,0.398968620611089,0,0,0,0,0,2021-03-22
"375",0,0,0,0,0,0.00595238095238095,0,0.0350907029478458,0.149210146578568,0,0,0,0,0.403347383610542,0,0,0,0,0,2021-03-23
"376",0,0,0,0,0,0.00595238095238095,0,0.0610647289218718,0.202525252525253,0,0,0,0,0.361652236652237,0,0,0,0,0,2021-03-24
"377",0,0,0,0,0,0.00595238095238095,0,0.0508606472892187,0.192321170892599,0,0,0,0,0.388339834768406,0,0,0,0,0,2021-03-25
"378",0,0,0,0,0,0.00595238095238095,0,0.0569396746448418,0.172886704649623,0,0,0,0,0.421498165799078,0,0,0,0,0,2021-03-26
"379",0,0,0,0,0,0.00595238095238095,0,0.0467355930121888,0.151039504230994,0,0,0,0,0.456165879038219,0,0,0,0,0,2021-03-27
"380",0,0,0,0,0,0.00595238095238095,0,0.0492996955762913,0.156167709359199,0,0,0,0,0.478143901016241,0,0,0,0,0,2021-03-28
"381",0,0,0,0,0,0,0,0.0433473146239104,0.148841702033191,0,0,0,0,0.506074303946644,0,0,0,0,0,2021-03-29
"382",0,0,0,0,0,0,0,0.0548230760996718,0.156349209540699,0,0,0,0,0.519802317674658,0,0,0,0,0,2021-03-30
"383",0,0,0,0,0,0,0,0.0288490501256459,0.0813131345046239,0,0,0,0,0.604939402811743,0,0,0,0,0,2021-03-31
"384",0,0,0,0,0,0,0,0.0526585739351697,0.0813131345046239,0,0,0,0,0.612265410137751,0,0,0,0,0,2021-04-01
"385",0,0,0,0,0.00649350649350649,0,0,0.0465795465795466,0.0791025791025791,0,0,0,0,0.631055131055131,0,0,0,0,0,2021-04-02
"386",0,0,0,0,0.00649350649350649,0,0,0.0488116894366894,0.0932967182967183,0,0,0,0,0.633058336183336,0,0,0,0,0,2021-04-03
"387",0,0,0,0,0.00649350649350649,0,0,0.0414856821106821,0.0936822976296661,0,0,0,0,0.653686830496041,0,0,0,0,0,2021-04-04
"388",0,0,0,0,0.00649350649350649,0,0,0.0544726950976951,0.129146833094202,0,0,0,0,0.6122282890375,0,0,0,0,0,2021-04-05
"389",0,0,0,0,0.00649350649350649,0,0,0.0390286796536797,0.144315062548145,0,0,0,0,0.6268449465113,0,0,0,0,0,2021-04-06
"390",0,0,0,0,0.00649350649350649,0,0,0.0390286796536797,0.148850209940435,0,0,0,0,0.638182814992026,0,0,0,0,0,2021-04-07
"391",0,0,0,0,0.00649350649350649,0,0,0.0152191558441558,0.148850209940435,0,0,0,0,0.644985536080461,0,0,0,0,0,2021-04-08
"392",0,0,0,0,0,0,0,0.0274640538033395,0.148108094912606,0,0,0,0,0.630885350551704,0,0,0,0,0,2021-04-09
"393",0,0,0,0,0.00432900432900433,0,0,0.042547928262214,0.143237965042476,0,0,0,0,0.634876151417505,0,0,0,0,0,2021-04-10
"394",0,0,0,0,0.00432900432900433,0,0,0.042547928262214,0.132962275819419,0,0,0,0,0.639888682745826,0,0,0,0,0,2021-04-11
"395",0,0,0,0,0.00432900432900433,0,0,0.0414656771799629,0.110776128633271,0,0,0,0,0.659369202226345,0,0,0,0,0,2021-04-12
"396",0,0,0,0,0.00432900432900433,0,0,0.0533704390847248,0.0920686456400742,0,0,0,0,0.64491341991342,0,0,0,0,0,2021-04-13
"397",0,0,0,0,0.00432900432900433,0,0,0.0533704390847248,0.0716604823747681,0,0,0,0,0.613373531230674,0,0,0,0,0,2021-04-14
"398",0,0,0,0,0.00432900432900433,0,0,0.0533704390847248,0.079596990311276,0,0,0,0,0.622443826015255,0,0,0,0,0,2021-04-15
"399",0,0,0,0,0.00432900432900433,0.00446428571428571,0,0.0455898268398268,0.0896735209235209,0,0,0,0,0.635326479076479,0,0,0,0,0,2021-04-16
"400",0,0,0,0,0,0.00446428571428571,0,0.0450805322128852,0.0850898692810458,0,0,0,0,0.666393451319922,0,0,0,0,0,2021-04-17
"401",0,0,0,0,0,0.00446428571428571,0,0.0546043417366947,0.09937558356676,0,0,0,0,0.685441070367541,0,0,0,0,0,2021-04-18
"402",0,0,0,0,0,0.00446428571428571,0,0.0683406054729584,0.0842656934568699,0,0,0,0,0.709250594177065,0,0,0,0,0,2021-04-19
"403",0,0,0,0,0,0.00446428571428571,0,0.0564358435681965,0.09433895353013,0,0,0,0,0.730770740697211,0,0,0,0,0,2021-04-20
"404",0,0,0,0,0,0.00446428571428571,0,0.0564358435681965,0.09433895353013,0,0,0,0,0.754147364073835,0,0,0,0,0,2021-04-21
"405",0,0,0,0,0,0.00446428571428571,0,0.0564358435681965,0.0864024455936221,0,0,0,0,0.743036252962724,0,0,0,0,0,2021-04-22
"406",0,0,0,0,0,0,0,0.0558325617149147,0.0679420208831974,0,0,0,0,0.752326793503264,0,0,0,0,0,2021-04-23
"407",0,0,0,0,0,0.00396825396825397,0,0.039025839025839,0.0714434214434214,0,0,0,0,0.733886083886084,0,0,0,0,0,2021-04-24
"408",0,0,0,0,0,0.00396825396825397,0,0.0379053908465673,0.0551969228439817,0,0,0,0,0.726042946631182,0,0,0,0,0,2021-04-25
"409",0,0,0,0,0,0.00396825396825397,0,0.0217881747293512,0.0453068129538718,0,0,0,0,0.726042946631182,0,0,0,0,0,2021-04-26
"410",0,0,0,0,0,0.00396825396825397,0,0.0217881747293512,0.0233287909758498,0,0,0,0,0.745368448715305,0,0,0,0,0,2021-04-27
"411",0,0,0,0,0,0.00396825396825397,0,0.0360738890150655,0.0376145052615641,0,0,0,0,0.73108273442959,0,0,0,0,0,2021-04-28
"412",0,0,0,0,0,0.00396825396825397,0,0.0360738890150655,0.0614240290710879,0,0,0,0,0.750130353477209,0,0,0,0,0,2021-04-29
"413",0,0,0,0,0,0.00396825396825397,0,0.0356142456982793,0.0609643857543017,0,0,0,0,0.760610221099934,0,0,0,0,0,2021-04-30
"414",0,0,0,0,0,0,0,0.0356142456982793,0.056578420842021,0,0,0,0,0.774185826780803,0,0,0,0,0,2021-05-01
"415",0,0,0,0,0,0,0,0.0361394557823129,0.0716344432509846,0,0,0,0,0.762981344988086,0,0,0,0,0,2021-05-02
"416",0,0,0,0,0,0,0,0.0306972789115646,0.087280701754386,0,0,0,0,0.761620800770399,0,0,0,0,0,2021-05-03
"417",0,0,0,0,0,0,0,0.0371907854050711,0.106761221234905,0,0.00649350649350649,0,0,0.747290303681281,0,0,0,0,0,2021-05-04
"418",0,0,0,0,0,0,0,0.0229050711193568,0.0924755069491912,0,0.00649350649350649,0,0,0.694909351300329,0,0,0,0,0,2021-05-05
"419",0,0,0,0,0,0.0102040816326531,0,0.0331091527520099,0.0686659831396673,0,0.00649350649350649,0,0,0.698310711844546,0,0,0,0,0,2021-05-06
"420",0,0,0,0,0,0.0128994994224105,0,0.0324032099975496,0.0733508759647219,0,0.00649350649350649,0,0,0.689069279422521,0,0,0,0,0,2021-05-07
"421",0,0,0,0,0,0.0128994994224105,0,0.0742751311798156,0.0732212415338171,0,0.00649350649350649,0,0,0.64278978758949,0,0,0,0,0,2021-05-08
"422",0,0,0,0,0,0.0128994994224105,0,0.0704486005675707,0.0604661394930007,0,0.00649350649350649,0,0,0.649592508677926,0,0,0,0,0,2021-05-09
"423",0,0,0,0,0,0.0128994994224105,0,0.0697683284587272,0.0400579762276946,0,0.00649350649350649,0,0,0.671361216160919,0,0,0,0,0,2021-05-10
"424",0,0,0,0,0,0.0128994994224105,0,0.097560536250935,0.0377203138900323,0,0,0,0,0.653179397979101,0,0,0,0,0,2021-05-11
"425",0,0,0,0,0,0.0128994994224105,0,0.097560536250935,0.0377203138900323,0,0,0,0,0.72244346724317,0,0,0,0,0,2021-05-12
"426",0,0,0,0,0,0.00269541778975741,0,0.0873564546182819,0.0555774567471751,0,0,0,0,0.70713734479419,0,0,0,0,0,2021-05-13
"427",0,0,0,0,0,0,0,0.0846610368285245,0.0580732139599135,0,0,0,0,0.726204929899511,0,0,0,0,0,2021-05-14
"428",0,0,0,0,0.00680272108843537,0,0,0.0427891156462585,0.0574867724867725,0,0,0,0,0.775348725348725,0,0,0,0,0,2021-05-15
"429",0,0,0,0,0.00680272108843537,0,0,0.047891156462585,0.062588813303099,0,0,0,0,0.775348725348725,0,0,0,0,0,2021-05-16
"430",0,0,0,0,0.00680272108843537,0,0,0.0704638218923933,0.075575826290112,0,0,0,0,0.744118051260908,0,0,0,0,0,2021-05-17
"431",0,0,0,0,0.0177917320774464,0,0,0.036178107606679,0.0694219801362659,0,0,0,0,0.768293875436733,0,0,0,0,0,2021-05-18
"432",0,0,0,0,0.0177917320774464,0.0119047619047619,0,0.036178107606679,0.0813267420410278,0,0,0,0,0.758553615696473,0,0,0,0,0,2021-05-19
"433",0,0,0,0,0.0177917320774464,0.0119047619047619,0,0.036178107606679,0.0634695991838849,0,0,0,0,0.794267901410759,0,0,0,0,0,2021-05-20
"434",0,0,0,0,0.0177917320774464,0.0173992673992674,0,0.036178107606679,0.0528875886018743,0,0,0,0,0.782871890014747,0,0,0,0,0,2021-05-21
"435",0,0,0,0,0.0172001911132346,0.023610447523491,0,0.036178107606679,0.0460848675134389,0,0,0,0,0.797660414120041,0,0,0,0,0,2021-05-22
"436",0,0,0,0,0.0172001911132346,0.023610447523491,0,0.025974025974026,0.0454045954045954,0,0,0,0,0.828952931126844,0,0,0,0,0,2021-05-23
"437",0,0,0,0,0.0172001911132346,0.0287124883398175,0,0.00510204081632653,0.0375196232339089,0,0,0,0,0.866986326303096,0,0,0,0,0,2021-05-24
"438",0,0,0,0,0.0062111801242236,0.0287124883398175,0,0.0318877551020408,0.026530612244898,0,0,0,0,0.873167644984415,0,0,0,0,0,2021-05-25
"439",0,0,0,0,0.0062111801242236,0.0168077264350556,0,0.0318877551020408,0.0146258503401361,0,0,0,0,0.908881930698701,0,0,0,0,0,2021-05-26
"440",0,0,0,0,0.0062111801242236,0.0372158897003617,0,0.0318877551020408,0.0146258503401361,0,0,0,0,0.888473767433395,0,0,0,0,0,2021-05-27
"441",0,0,0,0,0.0062111801242236,0.0317213842058563,0,0.0318877551020408,0.0146258503401361,0,0,0,0,0.910451789411417,0,0,0,0,0,2021-05-28
"442",0,0,0,0,0,0.0255102040816327,0,0.0318877551020408,0.0282312925170068,0,0,0,0,0.888860544217687,0,0,0,0,0,2021-05-29
"443",0,0,0,0,0,0.0255102040816327,0,0.0604591836734694,0.0377551020408163,0,0,0,0,0.850765306122449,0,0,0,0,0,2021-05-30
"444",0,0,0,0,0,0.0204081632653061,0,0.0808673469387755,0.0377551020408163,0,0,0,0,0.830357142857143,0,0,0,0,0,2021-05-31
"445",0,0,0,0,0,0.0204081632653061,0,0.062484993997599,0.054561824729892,0,0,0,0,0.80672268907563,0,0,0,0,0,2021-06-01
"446",0,0,0,0,0,0.0204081632653061,0,0.062484993997599,0.0765398467079139,0,0,0,0,0.784744667097608,0,0,0,0,0,2021-06-02
"447",0,0,0,0,0,0,0,0.062484993997599,0.0765398467079139,0,0,0,0,0.787295687505772,0,0,0,0,0,2021-06-03
"448",0,0,0,0,0,0,0,0.0691295122700243,0.0997956606614023,0,0,0,0,0.74742857787122,0,0,0,0,0,2021-06-04
"449",0,0,0,0,0,0,0,0.0724517714062369,0.102801514165595,0,0,0,0,0.744897332815058,0,0,0,0,0,2021-06-05
"450",0,0,0,0,0,0.00595238095238095,0,0.0617374856919512,0.0956586570227375,0,0,0,0,0.750849713767439,0,0,0,0,0,2021-06-06
"451",0,0,0,0,0,0.00595238095238095,0,0.0362272816103185,0.101985187634982,0,0,0,0,0.78023746886948,0,0,0,0,0,2021-06-07
"452",0,0,0,0,0,0.00595238095238095,0,0.0278239202657807,0.125994791476519,0,0,0,0,0.769433147140788,0,0,0,0,0,2021-06-08
"453",0,0,0,0,0,0.016156462585034,0,0.0278239202657807,0.134629014396456,0,0,0,0,0.750594842588198,0,0,0,0,0,2021-06-09
"454",0,0,0,0,0,0.016156462585034,0,0.0278239202657807,0.134629014396456,0,0,0,0,0.748043822180035,0,0,0,0,0,2021-06-10
"455",0,0,0,0,0,0.0260086793338025,0,0.0211794019933555,0.136003742314889,0,0,0,0,0.743575956445128,0,0,0,0,0,2021-06-11
"456",0,0,0,0,0,0.0512187633674159,0,0.0178571428571429,0.153005892011977,0,0,0,0,0.721297277531702,0,0,0,0,0,2021-06-12
"457",0,0,0,0,0,0.045266382415035,0,0,0.207767796773882,0,0,0,0,0.677249658484083,0,0,0,0,0,2021-06-13
"458",0,0,0,0,0,0.045266382415035,0,0,0.232053511059596,0,0,0,0,0.652963944198369,0,0,0,0,0,2021-06-14
"459",0,0,0,0,0,0.045266382415035,0,0,0.225250789971161,0,0,0,0,0.646161223109934,0,0,0,0,0,2021-06-15
"460",0,0,0,0,0,0.055470464047688,0,0,0.235454871603814,0,0,0,0,0.625753059844627,0,0,0,0,0,2021-06-16
"461",0,0,0,0,0,0.055470464047688,0,0,0.2711691573181,0,0,0,0,0.610446937395648,0,0,0,0,0,2021-06-17
"462",0,0,0,0,0,0.0535547552354275,0,0,0.302094171001734,0,0,0,0,0.591289849273043,0,0,0,0,0,2021-06-18
"463",0,0,0,0,0,0.0283446712018141,0,0,0.313935271078128,0,0,0,0,0.604658833230262,0,0,0,0,0,2021-06-19
"464",0,0,0,0,0,0.0283446712018141,0,0,0.277880849309421,0,0,0,0,0.659760874046588,0,0,0,0,0,2021-06-20
"465",0,0,0,0,0,0.0283446712018141,0,0,0.276180169037312,0,0,0,0,0.647856112141826,0,0,0,0,0,2021-06-21
"466",0,0,0,0,0,0.0283446712018141,0,0,0.272778808493094,0,0,0,0,0.685271078128221,0,0,0,0,0,2021-06-22
"467",0,0,0,0,0,0.00793650793650794,0,0,0.295454545454545,0,0,0,0,0.683003504432076,0,0,0,0,0,2021-06-23
"468",0,0,0,0,0,0.00793650793650794,0,0,0.307359307359307,0,0,0,0,0.671098742527314,0,0,0,0,0,2021-06-24
"469",0,0,0,0,0,0.00571428571428571,0,0,0.343232323232323,0,0,0,0,0.63744794887652,0,0,0,0,0,2021-06-25
"470",0,0,0,0,0,0.00571428571428571,0,0,0.367165532879819,0,0,0,0,0.613514739229025,0,0,0,0,0,2021-06-26
"471",0,0,0,0,0,0.0235714285714286,0,0,0.40202947845805,0,0,0,0,0.560793650793651,0,0,0,0,0,2021-06-27
"472",0,0,0,0,0,0.0235714285714286,0,0,0.447380952380952,0,0,0,0,0.513174603174603,0,0,0,0,0,2021-06-28
"473",0,0,0,0,0,0.0414285714285714,0,0,0.452482993197279,0,0,0,0,0.490215419501134,0,0,0,0,0,2021-06-29
"474",0,0,0,0,0,0.0414285714285714,0,0,0.518861059575345,0,0,0,0,0.410850340136054,0,0,0,0,0,2021-06-30
"475",0,0,0,0,0,0.0414285714285714,0,0,0.614099154813441,0,0,0,0,0.315612244897959,0,0,0,0,0,2021-07-01
"476",0,0,0,0,0,0.0357142857142857,0,0,0.64354970426399,0,0,0,0,0.291875981161695,0,0,0,0,0,2021-07-02
"477",0,0,0,0,0.00952380952380952,0.0357142857142857,0,0,0.678923853923854,0,0,0,0,0.256501831501831,0,0,0,0,0,2021-07-03
"478",0,0,0,0,0.00952380952380952,0.0178571428571429,0,0,0.731094722271193,0,0,0,0,0.217986425339367,0,0,0,0,0,2021-07-04
"479",0,0,0,0,0.00952380952380952,0.0178571428571429,0,0,0.758872500048971,0,0,0,0,0.206081663434605,0,0,0,0,0,2021-07-05
"480",0,0,0,0,0.00952380952380952,0,0,0,0.840805273158214,0,0,0,0,0.142006033182504,0,0,0,0,0,2021-07-06
"481",0,0,0,0,0.00952380952380952,0,0,0,0.844268476621418,0,0,0,0,0.151529842706313,0,0,0,0,0,2021-07-07
"482",0,0,0,0,0.00952380952380952,0.0357142857142857,0,0,0.754982762335703,0,0,0,0,0.187244128420599,0,0,0,0,0,2021-07-08
"483",0,0,0,0,0.00952380952380952,0.038961038961039,0,0,0.757480264833206,0,0,0,0,0.171759612936084,0,0,0,0,0,2021-07-09
"484",0,0,0,0,0,0.038961038961039,0,0,0.776094983447925,0,0,0,0,0.153144894321365,0,0,0,0,0,2021-07-10
"485",0,0,0,0,0.00649350649350649,0.038961038961039,0,0,0.794811560988032,0,0,0,0,0.138629997453527,0,0,0,0,0,2021-07-11
"486",0,0,0,0,0.0148968678380443,0.038961038961039,0,0,0.805315762668704,0,0,0,0,0.128125795772855,0,0,0,0,0,2021-07-12
"487",0,0,0,0,0.0148968678380443,0.038961038961039,0,0,0.830525846702317,0,0,0,0,0.102915711739241,0,0,0,0,0,2021-07-13
"488",0,0,0,0,0.0148968678380443,0.0548340548340548,0,0,0.808303624480095,0,0,0,0,0.109264918088448,0,0,0,0,0,2021-07-14
"489",0,0,0,0,0.0148968678380443,0.034992784992785,0,0,0.871134312310783,0,0,0,0,0.0735506323741618,0,0,0,0,0,2021-07-15
"490",0,0,0,0,0.0175922856278017,0.0371368673255466,0,0,0.869051489473243,0,0,0,0,0.0805342148294424,0,0,0,0,0,2021-07-16
"491",0,0,0,0,0.0209936461720194,0.0371368673255466,0,0,0.881729287865327,0,0,0,0,0.0644550558931406,0,0,0,0,0,2021-07-17
"492",0,0,0,0,0.0145001396785129,0.0407082958969751,0,0,0.884651365787405,0,0,0,0,0.0579615493996341,0,0,0,0,0,2021-07-18
"493",0,0,0,0,0.0119276821240626,0.0407082958969751,0,0,0.901115094135887,0,0,0,0,0.0414978210511518,0,0,0,0,0,2021-07-19
"494",0,0,0,0,0.0119276821240626,0.0407082958969751,0,0,0.892073502815815,0,0,0,0,0.0505394123712241,0,0,0,0,0,2021-07-20
"495",0,0,0,0,0.0119276821240626,0.0248352800239593,0,0,0.915883026625339,0,0,0,0,0.0426029044347162,0,0,0,0,0,2021-07-21
"496",0,0,0,0,0.0166895868859673,0.0089622641509434,0,0,0.942338053080365,0,0,0,0,0.0426029044347162,0,0,0,0,0,2021-07-22
"497",0,0,0,0,0.0163751214771623,0.00595238095238095,0,0,0.95913949063652,0,0,0,0,0.0315067678668815,0,0,0,0,0,2021-07-23
"498",0,0,0,0,0.0129737609329446,0.00595238095238095,0,0,0.962767608550352,0,0,0,0,0.031280010497267,0,0,0,0,0,2021-07-24
"499",0,0,0,0,0.0129737609329446,0.00238095238095238,0,0,0.959989830772574,0,0,0,0,0.0376292168464734,0,0,0,0,0,2021-07-25
"500",0,0,0,0,0.00714285714285714,0.00238095238095238,0,0,0.965596469032274,0,0,0,0,0.0320225785867739,0,0,0,0,0,2021-07-26
"501",0,0,0,0,0.00714285714285714,0.00238095238095238,0,0,0.972440258154544,0,0,0,0,0.0251787894645038,0,0,0,0,0,2021-07-27
"502",0,0,0,0,0.00714285714285714,0.00238095238095238,0,0,0.967389753104039,0,0,0,0,0.0302292945150088,0,0,0,0,0,2021-07-28
"503",0,0,0,0,0.00238095238095238,0.00238095238095238,0,0,0.960246895961182,0,0,0,0,0.0373721516578659,0,0,0,0,0,2021-07-29
"504",0,0,0,0,0.00210084033613445,0.00210084033613445,0,0,0.960807120050817,0,0,0,0,0.037092039613048,0,0,0,0,0,2021-07-30
"505",0,0,0,0,0.00210084033613445,0.00210084033613445,0,0,0.958209717453415,0,0,0,0,0.0368034393244477,0,0,0,0,0,2021-07-31
"506",0,0,0,0,0.00210084033613445,0.00210084033613445,0,0,0.962816763523876,0,0,0,0,0.0304542329752414,0,0,0,0,0,2021-08-01
"507",0,0,0,0,0.00210084033613445,0.00210084033613445,0,0,0.959745300825084,0,0,0,0,0.0304201056119215,0,0,0,0,0,2021-08-02
"508",0,0,0,0,0.00210084033613445,0.00210084033613445,0,0,0.959345700425483,0,0,0,0,0.0282223034141193,0,0,0,0,0,2021-08-03
"509",0,0,0,0,0.00210084033613445,0.00210084033613445,0,0,0.972332713412496,0,0,0,0,0.0152352904271063,0,0,0,0,0,2021-08-04
"510",0,0,0,0,0.00210084033613445,0.00210084033613445,0,0,0.979475570555354,0,0,0,0,0.00809243328424914,0,0,0,0,0,2021-08-05
"511",0,0,0,0,0,0,0,0,0.981996578958715,0,0,0,0,0.00599159294811469,0,0,0,0,0,2021-08-06
"512",0,0,0,0,0,0,0,0,0.987768584730721,0,0,0,0,0.0031055900621118,0,0,0,0,0,2021-08-07
"513",0,0,0,0,0,0,0,0,0.987631045761346,0,0,0,0,0.0049852893102321,0,0,0,0,0,2021-08-08
"514",0,0,0,0,0,0,0,0,0.99384222588557,0,0,0,0,0.0018796992481203,0,0,0,0,0,2021-08-09
"515",0,0,0,0,0,0,0,0,0.996439628482972,0,0,0,0,0.0018796992481203,0,0,0,0,0,2021-08-10
"516",0,0,0,0,0,0,0,0,0.996439628482972,0,0,0,0,0.0018796992481203,0,0,0,0,0,2021-08-11
"517",0,0,0,0,0,0,0,0,0.996439628482972,0,0,0,0,0.0018796992481203,0,0,0,0,0,2021-08-12
"518",0,0,0,0,0,0,0,0,0.99812030075188,0,0,0,0,0.0018796992481203,0,0,0,0,0,2021-08-13
"519",0,0,0,0,0,0,0,0,0.997029788210985,0,0,0,0,0.0018796992481203,0,0,0,0,0,2021-08-14
"520",0,0,0,0,0,0,0,0,0.997818974918212,0,0,0,0,0.00109051254089422,0,0,0,0,0,2021-08-15
"521",0,0,0,0,0.00133511348464619,0,0,0,0.997818974918212,0,0,0,0,0.00109051254089422,0,0,0,0,0,2021-08-16
"522",0,0,0,0,0.00133511348464619,0,0,0,0.994202338390183,0,0,0,0,0.00109051254089422,0,0,0,0,0,2021-08-17
"523",0,0,0,0,0.00133511348464619,0,0,0,0.994202338390183,0,0,0,0,0.00109051254089422,0,0,0,0,0,2021-08-18
"524",0,0,0,0,0.00133511348464619,0,0,0,0.99155683574468,0,0,0,0,0.00373601518639687,0,0,0,0,0,2021-08-19
"525",0,0,0,0,0.00133511348464619,0,0,0,0.989599888582253,0,0,0,0,0.00373601518639687,0,0,0,0,0,2021-08-20
"526",0,0,0,0,0.00133511348464619,0,0,0,0.990690401123148,0,0,0,0,0.00373601518639687,0,0,0,0,0,2021-08-21
"527",0,0,0,0,0.00133511348464619,0,0,0,0.99066484223547,0,0,0,0,0.00264550264550265,0,0,0,0,0,2021-08-22
"528",0,0,0,0,0,0,0,0,0.988922681956725,0,0,0,0,0.00264550264550265,0,0,0,0,0,2021-08-23
"529",0,0,0,0,0,0,0,0,0.990659619236633,0,0,0,0,0.00264550264550265,0,0,0,0,0,2021-08-24
"530",0,0,0,0,0,0,0,0,0.984015100964208,0,0,0,0,0.00264550264550265,0,0,0,0,0,2021-08-25
"531",0,0,0,0,0,0,0,0,0.986660603609711,0,0,0,0,0,0,0,0,0,0,2021-08-26
"532",0,0,0,0,0,0,0,0,0.987203123615136,0,0,0,0,0,0,0,0,0,0,2021-08-27
"533",0,0,0,0,0,0,0,0,0.987203123615136,0,0,0,0,0,0,0,0,0,0,2021-08-28
"534",0,0,0,0,0,0,0,0,0.988319195043707,0,0,0,0,0,0,0,0,0,0,2021-08-29
"535",0,0,0,0,0,0,0,0,0.990061355322453,0,0,0,0,0,0,0,0,0,0,2021-08-30
"536",0,0,0,0,0,0,0,0,0.989984107408147,0,0,0,0,0,0,0,0,0,0,2021-08-31
"537",0,0,0,0,0,0,0,0,0.996628625680572,0,0,0,0,0,0,0,0,0,0,2021-09-01
"538",0,0,0,0,0,0,0,0,0.996628625680572,0,0,0,0,0,0,0,0,0,0,2021-09-02
"539",0,0,0,0,0,0,0,0,0.998043052837573,0,0,0,0,0,0,0,0,0,0,2021-09-03
"540",0,0,0,0,0,0,0,0,0.998043052837573,0,0,0,0,0,0,0,0,0,0,2021-09-04
"541",0,0,0,0,0,0,0,0,0.998043052837573,0,0,0,0,0,0,0,0,0,0,2021-09-05
"542",0,0,0,0,0,0,0,0,0.998043052837573,0,0,0,0,0,0,0,0,0,0,2021-09-06
"543",0,0,0,0,0,0,0,0,1,0,0,0,0,0,0,0,0,0,0,2021-09-07
"544",0,0,0,0,0,0,0,0,1,0,0,0,0,0,0,0,0,0,0,2021-09-08
"545",0,0,0,0,0,0,0,0,1,0,0,0,0,0,0,0,0,0,0,2021-09-09
"546",0,0,0,0,0,0,0,0,0.99874686716792,0,0,0,0,0,0,0,0,0,0,2021-09-10
"547",0,0,0,0,0,0,0,0,0.99874686716792,0,0,0,0,0,0,0,0,0,0,2021-09-11
"548",0,0,0,0,0,0,0,0,0.99874686716792,0,0,0,0,0,0,0,0,0,0,2021-09-12
"549",0,0,0,0,0,0,0,0,0.99874686716792,0,0,0,0,0,0,0,0,0,0,2021-09-13
"550",0,0,0,0,0,0,0,0,0.99874686716792,0,0,0,0,0,0,0,0,0,0,2021-09-14
"551",0,0,0,0,0,0,0,0,0.99874686716792,0,0,0,0,0,0,0,0,0,0,2021-09-15
"552",0,0,0,0,0,0,0,0,0.99874686716792,0,0,0,0,0,0,0,0,0,0,2021-09-16
"553",0,0,0,0,0,0,0,0,1,0,0,0,0,0,0,0,0,0,0,2021-09-17
"554",0,0,0,0,0,0,0,0,1,0,0,0,0,0,0,0,0,0,0,2021-09-18
"555",0,0,0,0,0,0,0,0,1,0,0,0,0,0,0,0,0,0,0,2021-09-19
"556",0,0,0,0,0,0,0,0,1,0,0,0,0,0,0,0,0,0,0,2021-09-20
"557",0,0,0,0,0,0,0,0,0.998571428571429,0,0,0,0,0,0,0,0,0,0,2021-09-21
"558",0,0,0,0,0,0,0,0,0.998571428571429,0,0,0,0,0,0,0,0,0,0,2021-09-22
"559",0,0,0,0,0,0,0,0,0.998571428571429,0,0,0,0,0,0,0,0,0,0,2021-09-23
"560",0,0,0,0,0.00131061598951507,0,0,0,0.997260812581913,0,0,0,0,0.00131061598951507,0,0,0,0,0,2021-09-24
"561",0,0,0,0,0.00131061598951507,0,0,0,0.997260812581913,0,0,0,0,0.00131061598951507,0,0,0,0,0,2021-09-25
"562",0,0,0,0,0.00131061598951507,0,0,0,0.997260812581913,0,0,0,0,0.00131061598951507,0,0,0,0,0,2021-09-26
"563",0,0,0,0,0.00131061598951507,0,0,0,0.997260812581913,0,0,0,0,0.00131061598951507,0,0,0,0,0,2021-09-27
"564",0,0,0,0,0.00131061598951507,0,0,0,0.998689384010485,0,0,0,0,0.00131061598951507,0,0,0,0,0,2021-09-28
"565",0,0,0,0,0.00131061598951507,0,0,0,0.99329854843097,0,0,0,0,0.00131061598951507,0,0,0,0,0,2021-09-29
"566",0,0,0,0,0.00131061598951507,0,0,0,0.989330294462716,0,0,0,0,0.00131061598951507,0,0,0,0,0,2021-09-30
"567",0,0,0,0,0,0,0,0,0.988656783468104,0,0,0,0,0,0,0,0,0,0,2021-10-01
"568",0,0,0,0,0,0,0,0,0.987283157094478,0,0,0,0,0,0,0,0,0,0,2021-10-02
"569",0,0,0,0,0,0,0,0,0.984941236719771,0,0,0,0,0,0,0,0,0,0,2021-10-03
"570",0,0,0,0,0,0,0,0,0.984941236719771,0,0,0,0,0,0,0,0,0,0,2021-10-04
"571",0,0,0,0,0,0,0,0,0.984941236719771,0,0,0,0,0,0,0,0,0,0,2021-10-05
"572",0,0,0,0,0,0,0,0,0.990332072299285,0,0,0,0,0,0,0,0,0,0,2021-10-06
"573",0,0,0,0,0,0,0,0,0.994300326267539,0,0,0,0,0,0,0,0,0,0,2021-10-07
"574",0,0,0,0,0,0,0,0,0.996284453251666,0,0,0,0,0,0,0,0,0,0,2021-10-08
"575",0,0,0,0,0,0,0,0,0.995872365339578,0,0,0,0,0,0,0,0,0,0,2021-10-09
"576",0,0,0,0,0,0,0,0,0.99672619047619,0,0,0,0,0,0,0,0,0,0,2021-10-10
"577",0.00141442715700141,0,0,0.00141442715700141,0.00141442715700141,0,0,0,0.99672619047619,0,0,0,0,0,0,0,0,0,0,2021-10-11
"578",0.00141442715700141,0,0,0.00141442715700141,0.00141442715700141,0,0,0,0.9921910430839,0,0,0,0,0,0,0,0,0,0,2021-10-12
"579",0.00141442715700141,0,0,0.00141442715700141,0.00141442715700141,0,0,0,0.9921910430839,0,0,0,0,0,0,0,0,0,0,2021-10-13
"580",0.00141442715700141,0,0,0.00141442715700141,0.00141442715700141,0,0,0,0.9921910430839,0,0,0,0,0,0,0,0,0,0,2021-10-14
"581",0.00141442715700141,0,0,0.00141442715700141,0.0032001414427157,0,0,0,0.990405328798186,0,0,0,0,0,0,0,0,0,0,2021-10-15
"582",0.00141442715700141,0,0,0.00141442715700141,0.0032001414427157,0,0,0,0.9921910430839,0,0,0,0,0,0,0,0,0,0,2021-10-16
"583",0.00141442715700141,0,0,0.00141442715700141,0.0032001414427157,0,0,0,0.993679138321996,0,0,0,0,0,0,0,0,0,0,2021-10-17
"584",0,0,0,0,0.00178571428571429,0,0,0,0.993679138321996,0,0,0,0,0,0,0,0,0,0,2021-10-18
"585",0,0,0,0,0.00178571428571429,0,0,0,0.998214285714286,0,0,0,0,0,0,0,0,0,0,2021-10-19
"586",0,0,0,0,0.00178571428571429,0,0,0,0.99664442700157,0,0,0,0,0,0,0,0,0,0,2021-10-20
"587",0,0,0,0,0.00178571428571429,0,0,0,0.994836108737555,0,0,0,0,0,0,0,0,0,0,2021-10-21
"588",0,0,0,0,0,0,0,0,0.99662182302327,0,0,0,0,0,0,0,0,0,0,2021-10-22
"589",0,0,0,0,0,0,0,0,0.995728965880413,0,0,0,0,0,0,0,0,0,0,2021-10-23
"590",0,0,0,0,0,0,0,0,0.995728965880413,0,0,0,0,0,0,0,0,0,0,2021-10-24
"591",0.00118063754427391,0,0,0,0,0,0,0,0.995728965880413,0,0,0,0,0,0,0,0,0,0,2021-10-25
"592",0.00118063754427391,0,0,0,0,0,0,0,0.993688149553882,0,0,0,0,0,0,0,0,0,0,2021-10-26
"593",0.00118063754427391,0,0,0,0,0,0,0,0.995258008266598,0,0,0,0,0,0,0,0,0,0,2021-10-27
"594",0.00118063754427391,0,0,0,0,0,0,0,0.987849736668861,0,0,0,0,0,0,0,0,0,0,2021-10-28
"595",0.00118063754427391,0,0,0,0,0,0,0,0.981744730563855,0,0,0,0,0,0,0,0,0,0,2021-10-29
"596",0.00118063754427391,0,0,0,0,0,0,0,0.982637587706712,0,0,0,0,0,0,0,0,0,0,2021-10-30
"597",0.00118063754427391,0,0,0,0,0,0,0,0.981665770408364,0,0,0,0,0,0,0,0,0,0,2021-10-31
"598",0,0,0,0,0,0,0,0,0.976374765117359,0,0,0,0,0,0,0,0,0,0,2021-11-01
"599",0,0,0,0,0,0,0,0,0.975093322307677,0,0,0,0,0,0,0,0,0,0,2021-11-02
"600",0,0,0,0,0,0,0,0,0.973451286182882,0,0,0,0,0,0,0,0,0,0,2021-11-03
"601",0,0,0,0,0,0,0,0,0.981210150097111,0,0,0,0,0,0,0,0,0,0,2021-11-04
"602",0,0,0,0,0,0,0,0,0.985614475930009,0,0,0,0,0,0,0,0,0,0,2021-11-05
"603",0,0,0,0,0,0,0,0,0.982699024034965,0,0,0,0,0,0,0,0,0,0,2021-11-06
"604",0,0,0,0,0,0,0,0,0.981538645171266,0,0,0,0,0,0,0,0,0,0,2021-11-07
"605",0,0,0,0,0,0,0,0,0.981681645314266,0,0,0,0,0,0,0,0,0,0,2021-11-08
"606",0,0,0,0,0,0,0,0,0.985003904450479,0,0,0,0,0,0,0,0,0,0,2021-11-09
"607",0,0,0,0,0,0,0,0,0.982714092606728,0,0,0,0,0,0,0,0,0,0,2021-11-10
"608",0,0,0,0,0,0,0,0,0.982683723316155,0,0,0,0,0,0,0,0,0,0,2021-11-11
"609",0,0,0,0,0,0,0,0,0.983729095593506,0,0,0,0,0,0,0,0,0,0,2021-11-12
"610",0,0,0,0,0,0,0,0.000600240096038415,0.984243587104396,0,0,0,0,0,0,0,0,0,0,2021-11-13
"611",0,0,0,0,0,0,0,0.000600240096038415,0.983680365476686,0,0,0,0,0,0,0,0,0,0,2021-11-14
"612",0,0,0,0,0,0,0,0.000600240096038415,0.985618097751497,0,0,0,0,0,0,0,0,0,0,2021-11-15
"613",0,0,0,0,0,0,0,0.000600240096038415,0.978563424030156,0,0,0,0,0,0,0,0,0,0,2021-11-16
"614",0,0,0,0,0,0,0,0.000600240096038415,0.982495271998702,0,0,0,0,0,0,0,0,0,0,2021-11-17
"615",0,0,0,0,0,0,0,0.000600240096038415,0.980582006692579,0,0,0,0,0,0,0,0,0,0,2021-11-18
"616",0,0,0,0,0,0,0,0.000600240096038415,0.980333155555329,0,0,0,0,0,0,0,0,0,0,2021-11-19
"617",0,0,0,0,0,0,0,0,0.982734115939483,0,0,0,0,0,0,0,0,0,0,2021-11-20
"618",0,0,0,0,0,0,0,0,0.98542953372924,0,0,0,0,0,0,0,0,0,0,2021-11-21
"619",0,0,0,0,0,0,0,0,0.988639806602435,0,0,0,0,0,0,0,0,0,0,2021-11-22
"620",0,0,0,0,0,0,0,0,0.995694480323775,0,0,0,0,0,0,0,0,0,0,2021-11-23
"621",0,0,0,0,0,0,0,0,0.993682407889167,0,0,0,0,0,0,0,0,0,0,2021-11-24
"622",0,0,0,0,0,0,0,0,0.997083768433385,0,0,0,0,0,0,0,0,0,0,2021-11-25
"623",0,0,0,0,0,0,0,0,0.997987927565392,0,0,0,0,0,0,0,0,0,0,2021-11-26
"624",0,0,0,0,0,0,0,0,0.997987927565392,0,0,0,0,0,0,0,0,0,0,2021-11-27
"625",0,0,0,0,0,0,0,0,0.995459482559071,0,0,0,0,0,0,0,0,0,0,2021-11-28
"626",0,0,0,0,0,0,0,0,0.995459482559071,0,0,0,0,0,0,0,0,0,0,2021-11-29
"627",0,0,0,0,0,0,0,0,0.99387218097177,0,0,0,0,0,0,0,0,0,0,2021-11-30
"628",0,0,0,0,0,0,0,0,0.993616679710232,0,0,0,0,0,0,0,0,0,0,2021-12-01
"629",0,0,0,0,0,0,0,0,0.993616679710232,0,0,0,0,0,0,0,0,0,0,2021-12-02
"630",0.000664451827242525,0.000664451827242525,0.000664451827242525,0.000664451827242525,0,0,0,0.000664451827242525,0.99295222788299,0.000664451827242525,0.000664451827242525,0.000664451827242525,0.000664451827242525,0.000664451827242525,0.000664451827242525,0,0,0,0,2021-12-03
"631",0.00134149989765552,0.00134149989765552,0.00134149989765552,0.00134149989765552,0.000677048070412999,0.000677048070412999,0,0.00134149989765552,0.990244035601338,0.00134149989765552,0.00134149989765552,0.00134149989765552,0.00134149989765552,0.00134149989765552,0.00134149989765552,0,0,0,0,2021-12-04
"632",0.00516803050990042,0.00516803050990042,0.00516803050990042,0.00516803050990042,0.0045035786826579,0.0045035786826579,0.0038265306122449,0.00516803050990042,0.991496970403577,0.00516803050990042,0.00516803050990042,0.00516803050990042,0.00516803050990042,0.00516803050990042,0.00516803050990042,0,0,0,0,2021-12-05
"633",0.00579735713041647,0.00579735713041647,0.00579735713041647,0.00579735713041647,0.0045035786826579,0.0045035786826579,0.0038265306122449,0.00516803050990042,0.990238317162545,0.00516803050990042,0.00579735713041647,0.00579735713041647,0.00516803050990042,0.00516803050990042,0.00516803050990042,0,0,0,0,2021-12-06
"634",0.00579735713041647,0.00579735713041647,0.00579735713041647,0.00579735713041647,0.0045035786826579,0.0045035786826579,0.0038265306122449,0.00516803050990042,0.990673545017128,0.00516803050990042,0.00579735713041647,0.00579735713041647,0.00516803050990042,0.00516803050990042,0.00516803050990042,0,0,0,0,2021-12-07
"635",0.00579735713041647,0.00579735713041647,0.00579735713041647,0.00579735713041647,0.0045035786826579,0.0045035786826579,0.0038265306122449,0.00516803050990042,0.991299082588478,0.00516803050990042,0.00579735713041647,0.00579735713041647,0.00516803050990042,0.00516803050990042,0.00516803050990042,0,0,0,0,2021-12-08
"636",0.00579735713041647,0.00579735713041647,0.00579735713041647,0.00579735713041647,0.0045035786826579,0.0045035786826579,0.0038265306122449,0.00516803050990042,0.991299082588478,0.00516803050990042,0.00579735713041647,0.00579735713041647,0.00516803050990042,0.00516803050990042,0.00516803050990042,0,0,0,0,2021-12-09
"637",0.00513290530317395,0.00513290530317395,0.00513290530317395,0.00513290530317395,0.0045035786826579,0.0045035786826579,0.0038265306122449,0.0045035786826579,0.991963534415721,0.0045035786826579,0.00513290530317395,0.00513290530317395,0.0045035786826579,0.0045035786826579,0.0045035786826579,0,0,0,0,2021-12-10
"638",0.00946838856108175,0.00946838856108175,0.00946838856108175,0.00946838856108175,0.0075859291084855,0.0075859291084855,0.0075859291084855,0.0088390619405657,0.993418593865292,0.0088390619405657,0.00946838856108175,0.00946838856108175,0.0088390619405657,0.0088390619405657,0.0088390619405657,0,0,0,0,2021-12-11
"639",0.00852786083483974,0.00852786083483974,0.00852786083483974,0.00852786083483974,0.00664540138224349,0.00664540138224349,0.00664540138224349,0.00645553277132224,0.993251102626373,0.00645553277132224,0.00708485939183829,0.00708485939183829,0.00645553277132224,0.00645553277132224,0.00645553277132224,0,0,0,0,2021-12-12
"640",0.01803678306225,0.01803678306225,0.01803678306225,0.01803678306225,0.0167836502301698,0.0158619912439946,0.0158619912439946,0.0175154406054236,0.994509755867405,0.0165937816192485,0.0165937816192485,0.0165937816192485,0.0165937816192485,0.0165937816192485,0.0165937816192485,0,0,0,0,2021-12-13
"641",0.0319256719511388,0.0319256719511388,0.0319256719511388,0.0319256719511388,0.0267042851508047,0.0257826261646296,0.0257826261646296,0.0333884564784395,0.995661829600124,0.0304826705081374,0.0304826705081374,0.0304826705081374,0.0304826705081374,0.0304826705081374,0.0304826705081374,0,0,0,0,2021-12-14
"642",0.0455311141280096,0.0455311141280096,0.0455311141280096,0.0455311141280096,0.0301056456950224,0.0291839867088472,0.0291839867088472,0.0435925381110926,0.993902505180701,0.0406867521407905,0.0406867521407905,0.0406867521407905,0.0406867521407905,0.0406867521407905,0.0406867521407905,0,0,0,0,2021-12-15
"643",0.0528571214540169,0.0528571214540169,0.0528571214540169,0.0528571214540169,0.033768649358026,0.0328469903718509,0.0328469903718509,0.0472555417740962,0.990239501517697,0.0443497558037941,0.0443497558037941,0.0443497558037941,0.0443497558037941,0.0443497558037941,0.0443497558037941,0,0,0,0,2021-12-16
"644",0.0698639241751054,0.0698639241751054,0.0698639241751054,0.0698639241751054,0.0485078783829693,0.0475862193967942,0.0475862193967942,0.0653961313432572,0.990239501517697,0.0613565585248826,0.0613565585248826,0.0613565585248826,0.0613565585248826,0.0613565585248826,0.0613565585248826,0,0,0,0,2021-12-17
"645",0.092323920319312,0.092323920319312,0.092323920319312,0.092323920319312,0.0667265018647507,0.0676363447100774,0.0676363447100774,0.0878561274874639,0.991492634349777,0.0838165546690892,0.0838165546690892,0.0838165546690892,0.0838165546690892,0.0838165546690892,0.0838165546690892,0,0,0,0,2021-12-18
"646",0.140802283404417,0.13919714696782,0.13919714696782,0.13919714696782,0.113599728513258,0.114509571358585,0.114509571358585,0.136172355578973,0.989725362919584,0.132132782760598,0.132132782760598,0.132132782760598,0.132132782760598,0.133737919197195,0.133737919197195,0,0,0,0,2021-12-19
"647",0.173335648656676,0.171730512220079,0.171730512220079,0.171730512220079,0.133146080778505,0.138688157749153,0.138688157749153,0.160362911566764,0.978593637502145,0.157244997734564,0.160955572873711,0.160955572873711,0.160955572873711,0.162560709310308,0.162560709310308,0,0,0,0,2021-12-20
"648",0.227899140720168,0.226294004283571,0.226294004283571,0.226294004283571,0.18870163633406,0.194243713304708,0.194243713304708,0.209966086169939,0.978593637502145,0.211808489798056,0.215519064937203,0.215519064937203,0.215519064937203,0.2171242013738,0.2171242013738,0,0,0,0,2021-12-21
"649",0.220787205036804,0.219182068600207,0.219182068600207,0.219182068600207,0.191793782283349,0.197335859253997,0.197335859253997,0.206255511030792,0.981994998046362,0.20809791465891,0.211808489798056,0.211808489798056,0.211808489798056,0.213413626234654,0.213413626234654,0,0,0,0,2021-12-22
"650",0.271030494086063,0.269425357649466,0.269425357649466,0.269425357649466,0.237171290347424,0.242713367318073,0.240581171156026,0.260161803743055,0.985658001709366,0.262004207371173,0.263582586348272,0.263582586348272,0.263582586348272,0.265187722784869,0.265187722784869,0,0,0,0,2021-12-23
"651",0.327039564380848,0.32543442794425,0.32543442794425,0.32543442794425,0.284865923756343,0.290408000726992,0.287217603506744,0.315037087189767,0.985658001709366,0.318013277665957,0.319591656643057,0.319591656643057,0.319591656643057,0.321196793079654,0.321196793079654,0,0,0,0,2021-12-24
"652",0.387479124820408,0.385873988383811,0.385873988383811,0.385873988383811,0.338437352327772,0.343521553840545,0.340331156620297,0.371355768508448,0.981537122588487,0.372958332611012,0.373163085214485,0.373163085214485,0.373163085214485,0.374768221651083,0.374768221651083,0,0,0,0,2021-12-25
"653",0.436706474825632,0.436706474825632,0.436706474825632,0.436706474825632,0.372363668017268,0.377447869530041,0.374257472309793,0.417116403724572,0.981366161311216,0.418718967827136,0.423995571656306,0.423995571656306,0.423995571656306,0.423995571656306,0.42315026311869,0,0,0,0,2021-12-26
"654",0.504328978372505,0.504328978372505,0.504328978372505,0.504328978372505,0.429863940853675,0.434388827731504,0.431198430511256,0.486907956709402,0.98724578588832,0.488510520811966,0.492177389838125,0.492177389838125,0.492177389838125,0.492177389838125,0.491332081300508,0,0,0,0,2021-12-27
"655",0.524765486309013,0.524765486309013,0.524765486309013,0.524765486309013,0.450102036091771,0.454626922969599,0.451436525749351,0.5103206551221,0.98724578588832,0.508947028748474,0.512613897774633,0.512613897774633,0.512613897774633,0.512613897774633,0.511768589237016,0,0,0,0,2021-12-28
"656",0.616486265529792,0.616486265529792,0.616486265529792,0.616486265529792,0.538846624836359,0.543371511714188,0.540181114493939,0.600553339104784,0.985757690650225,0.599179712731158,0.604334676995412,0.604334676995412,0.604334676995412,0.604334676995412,0.603489368457796,0,0,0,0,2021-12-29
"657",0.665359546185338,0.665359546185338,0.665359546185338,0.662558425737159,0.565436365210121,0.575563492984307,0.574505291926106,0.64942661976033,0.985757690650225,0.648052993386704,0.655340153813004,0.655340153813004,0.655340153813004,0.655340153813004,0.654494845275388,0,0,0,0,2021-12-30
"658",0.688818626787276,0.689746270572062,0.688818626787276,0.686017506339097,0.590201018546203,0.603111077674749,0.602183433889963,0.671958056577481,0.983902403080651,0.670584430203855,0.677871590630156,0.678799234414942,0.678799234414942,0.678799234414942,0.677026282092539,0,0,0,0,2021-12-31
"659",0.719327591506767,0.720255235291553,0.719327591506767,0.716526471058588,0.62743352288397,0.63896995563889,0.637102462230044,0.704708201169731,0.98614358295341,0.704708201169731,0.714308837593718,0.715236481378505,0.715236481378505,0.715236481378505,0.713463529056102,0,0,0,0,2022-01-01
"660",0.741532228114022,0.742459871898809,0.741532228114022,0.738731107665843,0.664112719301301,0.675649152056221,0.67256585317625,0.731376786267121,0.989524817103875,0.731984689002684,0.735905571465411,0.736833215250198,0.736833215250198,0.73744111798576,0.736513474200974,0,0,0,0,2022-01-02
"661",0.759517993848888,0.760445637633674,0.759517993848888,0.756716873400708,0.699376824943558,0.707761997194276,0.704678698314305,0.754614652842323,0.993610737186194,0.754639465198876,0.757042597704478,0.757970241489265,0.757970241489265,0.758578144224827,0.757650500440041,0,0,0,0,2022-01-03
"662",0.798856299452253,0.800644528434975,0.799716884650188,0.796915764202009,0.729841540950443,0.738226713201161,0.73514341432119,0.794813543643623,0.993610737186194,0.794838356000177,0.797241488505779,0.798169132290565,0.798169132290565,0.798777035026128,0.797849391241341,0,0,0,0,2022-01-04
"663",0.825184138280092,0.826972367262813,0.826044723478027,0.823243603029847,0.73716754827645,0.74738422235867,0.742469421647197,0.822629477709558,0.995098832424289,0.820822788234609,0.823569327333618,0.824496971118404,0.824496971118404,0.825104873853967,0.822345728237678,0,0,0,0,2022-01-05
"664",0.838824376984269,0.840612605966991,0.839684962182204,0.839684962182204,0.762986571537928,0.763460217974308,0.760615810637576,0.832128929664252,0.993028439049548,0.832392633564045,0.833068779288313,0.833996423073099,0.833996423073099,0.834604325808662,0.831845180192373,0,0,0,0,2022-01-06
"665",0.8714078649249,0.871456761811147,0.872268450122835,0.872268450122835,0.793482860962789,0.792796952668185,0.789256812492863,0.864828373077982,0.993260349995744,0.86265701204271,0.865768222702042,0.865768222702042,0.865768222702042,0.866376125437604,0.862921246982726,0.000811688311688312,0,0,0,2022-01-07
"666",0.887390869774302,0.886594458122932,0.888251454972236,0.88740614643462,0.806651878180389,0.807656586961018,0.805056296409756,0.875928608874574,0.990068198018167,0.877138481989767,0.882691077175503,0.882691077175503,0.882691077175503,0.883298979911066,0.879844101456187,0.000811688311688312,0,0,0,2022-01-08
"667",0.901983444053326,0.901187032401956,0.902844029251261,0.901998720713645,0.798385564426954,0.799390273207582,0.798005788127445,0.876091491904198,0.975714131032521,0.879427570281094,0.897208027190774,0.89789155419009,0.89789155419009,0.89789155419009,0.894436675735212,0.000811688311688312,0,0,0,2022-01-09
"668",0.91226424810427,0.9114678364529,0.913124833302205,0.912279524764588,0.781199742729854,0.782204451510482,0.780819966430345,0.863815904977698,0.961842717805577,0.884920895430703,0.907488831241717,0.908172358241034,0.908172358241034,0.908172358241034,0.904717479786155,0.000811688311688312,0,0,0,2022-01-10
"669",0.920815169113535,0.91915817226423,0.920815169113535,0.919969860575919,0.78862763057302,0.789632339353648,0.788247854273511,0.863400870981531,0.955763690449953,0.890584888790159,0.915179167053048,0.915862694052364,0.915862694052364,0.915862694052364,0.912407815597486,0.000811688311688312,0,0,0,2022-01-11
"670",0.934989400679071,0.933332403829766,0.934989400679071,0.934144092141455,0.820639097367095,0.819812304316222,0.820259321067586,0.877575102547067,0.955763690449953,0.906590622187197,0.929353398618584,0.9300369256179,0.9300369256179,0.9300369256179,0.926343155619782,0.000811688311688312,0,0,0,2022-01-12
"671",0.947796950392586,0.946139953543282,0.947796950392586,0.94695164185497,0.838791150908431,0.84210514460704,0.840481767983663,0.887878920737639,0.951189565552269,0.914824047003028,0.942979475945369,0.943663002944685,0.943663002944685,0.943663002944685,0.939969232946568,0.000811688311688312,0,0,0,2022-01-13
"672",0.957393971019019,0.955148102257313,0.955993410794929,0.956548662481402,0.813533320503542,0.816624497802864,0.816624497802864,0.868875864969878,0.922000617245674,0.896855495946242,0.949186504211221,0.949870031210537,0.949870031210537,0.948469470986448,0.944998517387617,0,0,0,0,2022-01-14
"673",0.959316444150283,0.957915883926193,0.957915883926193,0.959316444150283,0.77003132799056,0.770615561684037,0.770615561684037,0.834295500279623,0.889521448063208,0.866240835881032,0.951108977342485,0.951792504341802,0.951792504341802,0.950391944117712,0.946920990518881,0,0,0,0,2022-01-15
"674",0.96318849095088,0.961787930726791,0.961787930726791,0.96318849095088,0.787222604811358,0.788604923101802,0.787806838504835,0.846820464289444,0.897490838273116,0.876031691893588,0.954866466545431,0.954866466545431,0.954866466545431,0.953465906321342,0.949994952722511,0,0,0,0,2022-01-16
"675",0.964789528585398,0.963388968361308,0.963388968361308,0.964789528585398,0.796514702981311,0.801266293508952,0.801142063359424,0.85615309505774,0.897703634414412,0.866830792069905,0.954445940837631,0.954445940837631,0.954445940837631,0.953045380613541,0.94957442701471,0,0,0,0,2022-01-17
"676",0.966539551612017,0.965138991387927,0.965138991387927,0.966539551612017,0.80818919869836,0.812940789226001,0.812816559076473,0.867090738974107,0.903782661770036,0.871689408630649,0.957278214946501,0.957278214946501,0.957278214946501,0.955877654722411,0.95240670112358,0,0,0,0,2022-01-18
"677",0.967470065488305,0.966069505264215,0.966069505264215,0.967470065488305,0.808445090014339,0.81319668054198,0.813072450392452,0.866416116413798,0.902177525333438,0.87101478607034,0.956603592386192,0.956603592386192,0.956603592386192,0.955203032162102,0.953802471938013,0,0,0,0,2022-01-19
"678",0.973235162224674,0.971834602000584,0.971834602000584,0.973235162224674,0.823297542623289,0.8322508138232,0.832126583673672,0.874624050750323,0.904620362933595,0.879222720406865,0.961489267586505,0.961489267586505,0.961489267586505,0.960088707362415,0.958688147138325,0,0,0,0,2022-01-20
"679",0.975396026570412,0.971314393917351,0.971314393917351,0.971314393917351,0.857391180078272,0.866984707380623,0.868901293557625,0.904155863475413,0.933391871537036,0.908114277029514,0.963770179951451,0.96172936362492,0.96172936362492,0.96172936362492,0.96172936362492,0,0,0,0,2022-01-21
"680",0.98192663881531,0.976458043610238,0.977845006162249,0.977845006162249,0.906703642927489,0.918500459312463,0.920417045489466,0.952564819290749,0.969555929393188,0.94917629406934,0.968913829644337,0.965486050765796,0.966873013317807,0.966873013317807,0.966873013317807,0.0013869625520111,0.0013869625520111,0.0013869625520111,0.0013869625520111,2022-01-22
"681",0.982440556926993,0.973725208475168,0.97619442210943,0.97619442210943,0.902955063759915,0.917200548794676,0.919915219568646,0.954052158766916,0.96944709967542,0.946334629216502,0.960485572612728,0.957057793734187,0.958444756286198,0.958444756286198,0.958444756286198,0.00246921363426218,0.00246921363426218,0.00246921363426218,0.00246921363426218,2022-01-23
"682",0.985135974716751,0.975392877035737,0.978889839899187,0.977862090669999,0.916868461343735,0.930827921828863,0.931840988926206,0.963350380566834,0.976049903685581,0.956980559911299,0.964174804515616,0.959719276407886,0.962133988189085,0.962133988189085,0.962133988189085,0.00349696286345026,0.00349696286345026,0.00349696286345026,0.00349696286345026,2022-01-24
"683",0.988222743020911,0.977237409315052,0.981976608203347,0.980948858974159,0.910779622646201,0.924739083131329,0.925752150228671,0.965354897788743,0.976049903685581,0.958985077133208,0.966179321737524,0.961723793629795,0.964138505410994,0.964138505410994,0.964138505410994,0.00349696286345026,0.00349696286345026,0.00349696286345026,0.00349696286345026,2022-01-25
"684",0.988631895445925,0.974845441291888,0.982385760628362,0.981358011399174,0.862782895865601,0.876742356350729,0.874954302999892,0.933755741272204,0.944041594744027,0.924584800168489,0.968193610599136,0.960936962043227,0.966152794272606,0.966152794272606,0.966152794272606,0.00629808331162953,0.00629808331162953,0.00629808331162953,0.00629808331162953,2022-01-26
"685",0.989349255560703,0.975562801406665,0.98310312074314,0.982075371513952,0.850280333865191,0.863522434235541,0.861734380884705,0.93867478205925,0.948243275416296,0.929503840955536,0.973112651386183,0.965856002830274,0.971071835059652,0.971071835059652,0.971071835059652,0.00629808331162953,0.00629808331162953,0.00629808331162953,0.00629808331162953,2022-01-27
"686",0.989748035762439,0.978401178136668,0.987583533597937,0.986555784368749,0.835408178106336,0.840041317650976,0.841138556347993,0.932904197963543,0.942073911118853,0.927416109311154,0.975951028116185,0.967451123637217,0.975951028116185,0.975951028116185,0.975951028116185,0.00794011943642427,0.00794011943642427,0.00794011943642427,0.00794011943642427,2022-01-28
"687",0.988387491544752,0.978427596470992,0.98622298938025,0.985195240151062,0.802966463556438,0.808933728984442,0.811391511899146,0.917964629903309,0.928494887276306,0.91247654125092,0.975977446450509,0.968864504523552,0.975977446450509,0.975977446450509,0.975977446450509,0.00655315688441318,0.00655315688441318,0.00655315688441318,0.00655315688441318,2022-01-29
"688",0.988259088873976,0.98154594704697,0.988259088873976,0.987231339644788,0.770645676998363,0.773366189179614,0.774613318341291,0.892981138818123,0.904722049944147,0.891822054494738,0.984378649766967,0.97726570784001,0.984378649766967,0.984378649766967,0.985589303519993,0.0054709058021621,0.0054709058021621,0.0054709058021621,0.0054709058021621,2022-01-30
"689",0.988259088873976,0.982573696276158,0.988259088873976,0.988259088873976,0.749588408956728,0.747077445738277,0.75150055184128,0.882943197098459,0.893609994368414,0.880709998919006,0.985406398996155,0.979321206298386,0.985406398996155,0.985406398996155,0.986617052749182,0.00444315657297402,0.00444315657297402,0.00444315657297402,0.00444315657297402,2022-01-31
"690",0.989501324898821,0.985058168325847,0.989501324898821,0.989501324898821,0.740604921606326,0.738093958387875,0.742517064490878,0.882443272844558,0.891867834089668,0.880210074665105,0.984906474742254,0.980563442323231,0.986648635021,0.986648635021,0.987859288774026,0.00444315657297402,0.00444315657297402,0.00444315657297402,0.00444315657297402,2022-02-01
"691",0.988731016775572,0.987088980650777,0.988731016775572,0.988731016775572,0.739484473427055,0.735187795922889,0.740626308188357,0.879572124385174,0.889766993753534,0.8801400466539,0.984136166619005,0.982594254648161,0.98587832689775,0.98587832689775,0.987088980650777,0.00164203612479475,0.00164203612479475,0.00164203612479475,0.00164203612479475,2022-02-02
"692",0.992215337333063,0.990573301208268,0.992215337333063,0.992215337333063,0.757215793597399,0.749434795535743,0.75487330780121,0.879881841768062,0.886592390578931,0.880449764036788,0.984445884001893,0.982903972031049,0.986188044280638,0.986188044280638,0.987398698033665,0.00164203612479475,0.00164203612479475,0.00164203612479475,0.00164203612479475,2022-02-03
"693",0.993857373457858,0.99184530102325,0.993857373457858,0.993857373457858,0.765275646970511,0.765068829625338,0.764575197299117,0.882691804995704,0.886754281464474,0.879605618705028,0.986723920034178,0.988466080312924,0.988466080312924,0.988466080312924,0.989676734065951,0.00100603621730382,0,0,0,2022-02-04
"694",0.995217917675545,0.991301083336175,0.995217917675545,0.995217917675545,0.776432109555545,0.777313727584521,0.77165002723109,0.893304049893663,0.896005982144746,0.892122625507749,0.988084464251865,0.987921862625849,0.989826624530611,0.989826624530611,0.991037278283638,0.00291079812206573,0.0019047619047619,0.0019047619047619,0.0019047619047619,2022-02-05
"695",0.996428571428571,0.992511737089202,0.996428571428571,0.996428571428571,0.800328887689612,0.798636503144585,0.791609453970178,0.918346041037349,0.918550318248404,0.917164616651435,0.989218770470917,0.9877691675579,0.989673929462662,0.989673929462662,0.989673929462662,0.00291079812206573,0.0019047619047619,0.0019047619047619,0.0019047619047619,2022-02-06
"696",0.996428571428571,0.990527610105075,0.996428571428571,0.996428571428571,0.81593337509861,0.816389218265721,0.80522981439505,0.932637722622264,0.935900240673514,0.936498666060672,0.989218770470917,0.983800913589646,0.989673929462662,0.989673929462662,0.989673929462662,0.00291079812206573,0.0019047619047619,0.00388888888888889,0.00388888888888889,2022-02-07
"697",0.996428571428571,0.988940308517773,0.996428571428571,0.996428571428571,0.816359236500082,0.815227778079891,0.804068374209219,0.931205279726406,0.934467797777657,0.938240826339418,0.990960930749663,0.982213612002344,0.989673929462662,0.989673929462662,0.989673929462662,0.00291079812206573,0.0019047619047619,0.00547619047619048,0.00547619047619048,2022-02-08
"698",1,0.992511737089202,1,1,0.857268327409172,0.857922583274696,0.848548893689739,0.963997487518614,0.963688576998436,0.974279787378379,0.988038852827585,0.98253828732702,0.989998604787337,0.989998604787337,0.989998604787337,0.00291079812206573,0.0019047619047619,0.00547619047619048,0.00547619047619048,2022-02-09
"699",1,0.992511737089202,1,1,0.845405336598813,0.853578389456818,0.836685902879379,0.967172090693217,0.966863180173039,0.973694992056741,0.991213456002188,0.985712890501623,0.99317320796194,0.99317320796194,0.99317320796194,0.00291079812206573,0.0019047619047619,0.00547619047619048,0.00547619047619048,2022-02-10
"700",0.99546485260771,0.987721088435374,0.99546485260771,0.99546485260771,0.832262990458479,0.83943000709918,0.825811130435191,0.971946770518199,0.97491146991147,0.980481744316331,0.989951918523347,0.982183779326636,0.991911670483099,0.991911670483099,0.991911670483099,0.00417233560090703,0.0019047619047619,0.00547619047619048,0.00547619047619048,2022-02-11
"701",0.99546485260771,0.989625850340136,0.99546485260771,0.99546485260771,0.817024895220384,0.820382388051561,0.812737537361597,0.958180536751965,0.967638742638743,0.982126765961352,0.989951918523347,0.984088541231398,0.991911670483099,0.991911670483099,0.991911670483099,0.00226757369614512,0,0.00357142857142857,0.00357142857142857,2022-02-12
"702",0.99546485260771,0.987162796152944,0.99546485260771,0.99546485260771,0.815671324901296,0.824065874493668,0.818995026377707,0.957226380625395,0.967971587799174,0.97870955564759,0.991238919810348,0.986662543805401,0.994485673057102,0.994485673057102,0.994485673057102,0.00226757369614512,0,0.00357142857142857,0.00357142857142857,2022-02-13
"703",0.99546485260771,0.989146923137071,0.99546485260771,0.99546485260771,0.812956203765123,0.823857019021655,0.820770297889821,0.958688368929489,0.967449449119141,0.97620328998343,0.991238919810348,0.990630797773655,0.994485673057102,0.994485673057102,0.994485673057102,0.00226757369614512,0,0.00158730158730159,0.00158730158730159,2022-02-14
"704",0.99546485260771,0.990734224724372,0.99546485260771,0.99546485260771,0.801743775531418,0.817271406053063,0.811145171243418,0.961862972104092,0.970624052293744,0.97620328998343,0.991238919810348,0.992218099360957,0.994485673057102,0.994485673057102,0.994485673057102,0.00226757369614512,0,0,0,2022-02-15
"705",0.99546485260771,0.990734224724372,0.99546485260771,0.99546485260771,0.77402149780914,0.796875135656793,0.790748900847147,0.942715452956573,0.951476533146225,0.957472021252161,0.990406418977848,0.988138845281702,0.990406418977848,0.990406418977848,0.990406418977848,0.00226757369614512,0,0,0,2022-02-16
"706",0.99546485260771,0.990734224724372,0.99546485260771,0.99546485260771,0.767630520365531,0.782965361220702,0.784357923403538,0.942715452956573,0.951476533146225,0.961231419748402,0.990406418977848,0.988138845281702,0.990406418977848,0.990406418977848,0.990406418977848,0.00226757369614512,0,0,0,2022-02-17
"707",1,0.991043439319301,1,1,0.787677933270087,0.803012774125258,0.795644256118442,0.938489520159212,0.944983026652718,0.95700548695104,0.989427239427239,0.982933732933733,0.989427239427239,0.989427239427239,0.989427239427239,0.00649350649350649,0.00649350649350649,0.00649350649350649,0.00649350649350649,2022-02-18
"708",0.994285714285714,0.985329153605016,0.994285714285714,0.994285714285714,0.806725552317706,0.819203250315734,0.809670230144416,0.940827182496874,0.943684325354017,0.942027131972686,0.986570096570097,0.98007659007659,0.986570096570097,0.986570096570097,0.986570096570097,0.00649350649350649,0.00649350649350649,0.00649350649350649,0.00649350649350649,2022-02-19
"709",0.994285714285714,0.987792207792208,0.994285714285714,0.994285714285714,0.805247719805391,0.81843696679083,0.808903946619512,0.938692535534641,0.941549678391784,0.942355539197644,0.986570096570097,0.98007659007659,0.986570096570097,0.986570096570097,0.986570096570097,0.00649350649350649,0.00649350649350649,0.00649350649350649,0.00649350649350649,2022-02-20
"710",0.994285714285714,0.987792207792208,0.994285714285714,0.994285714285714,0.813025785659682,0.823708766980961,0.814175746809643,0.941198801198801,0.944055944055944,0.944861804861805,0.986570096570097,0.98007659007659,0.986570096570097,0.986570096570097,0.986570096570097,0.00649350649350649,0.00649350649350649,0.00649350649350649,0.00649350649350649,2022-02-21
"711",0.994285714285714,0.987792207792208,0.994285714285714,0.994285714285714,0.796460436115609,0.804103903759076,0.79761039726557,0.916198801198801,0.919055944055944,0.919861804861805,0.986570096570097,0.98007659007659,0.986570096570097,0.986570096570097,0.986570096570097,0.00649350649350649,0.00649350649350649,0.00649350649350649,0.00649350649350649,2022-02-22
"712",0.987142857142857,0.980649350649351,0.987142857142857,0.987142857142857,0.79755933721451,0.79787679753197,0.791383291038463,0.906125541125541,0.923268398268398,0.920411255411255,0.97961038961039,0.973116883116883,0.97961038961039,0.97961038961039,0.986753246753247,0.00649350649350649,0.00649350649350649,0.00649350649350649,0.00649350649350649,2022-02-23
"713",0.987142857142857,0.980649350649351,0.987142857142857,0.987142857142857,0.796431517665637,0.796748977983098,0.790255471489591,0.906125541125541,0.923268398268398,0.920411255411255,0.97961038961039,0.973116883116883,0.97961038961039,0.97961038961039,0.986753246753247,0.00649350649350649,0.00649350649350649,0.00649350649350649,0.00649350649350649,2022-02-24
"714",0.987142857142857,0.987142857142857,0.987142857142857,0.987142857142857,0.780407219383275,0.780724679700735,0.785332974631611,0.908010752688172,0.925153609831029,0.926904761904762,0.978248847926267,0.978248847926267,0.978248847926267,0.982857142857143,0.99,0,0,0,0,2022-02-25
"715",0.986645962732919,0.974223602484472,0.986645962732919,0.986645962732919,0.790345107582032,0.793519710756636,0.785705645439064,0.925153609831029,0.939439324116743,0.944047619047619,0.98110599078341,0.968683630534963,0.98110599078341,0.985714285714286,0.992857142857143,0.0124223602484472,0.0124223602484472,0.0124223602484472,0.0124223602484472,2022-02-26
"716",0.986645962732919,0.969759316770186,0.986645962732919,0.986645962732919,0.818916536153461,0.818916536153461,0.806638185121604,0.934677419354839,0.948963133640553,0.953571428571429,0.98110599078341,0.964219344820677,0.98110599078341,0.985714285714286,0.992857142857143,0.0168866459627329,0.0168866459627329,0.0168866459627329,0.0168866459627329,2022-02-27
"717",0.986645962732919,0.969759316770186,0.986645962732919,0.986645962732919,0.796657824239577,0.796657824239577,0.789670478498725,0.913513398190818,0.938381123058542,0.953571428571429,0.975814985492405,0.964219344820677,0.98110599078341,0.985714285714286,0.992857142857143,0.0168866459627329,0.0168866459627329,0.0168866459627329,0.0168866459627329,2022-02-28
"718",0.986645962732919,0.969759316770186,0.986645962732919,0.986645962732919,0.827177304759057,0.827177304759057,0.820189959018205,0.925526385203805,0.963381123058542,0.978571428571429,0.975814985492405,0.964219344820677,0.98110599078341,0.985714285714286,0.992857142857143,0.0168866459627329,0.0168866459627329,0.0168866459627329,0.0168866459627329,2022-03-01
"719",0.993788819875776,0.976902173913043,0.993788819875776,0.993788819875776,0.8700344476162,0.8700344476162,0.863047101875348,0.96124067091809,0.984809694487114,1,0.990100699778119,0.978505059106392,0.995391705069124,1,1,0.0168866459627329,0.0168866459627329,0.0168866459627329,0.0168866459627329,2022-03-02
"720",0.993788819875776,0.96391516092603,0.993788819875776,0.993788819875776,0.892590838593644,0.892590838593644,0.872616479865779,0.96124067091809,0.984809694487114,1,0.990100699778119,0.965518046119379,0.995391705069124,1,1,0.0298736589497459,0.0298736589497459,0.0298736589497459,0.0298736589497459,2022-03-03
"721",0.993788819875776,0.96391516092603,0.993788819875776,0.993788819875776,0.914996686361004,0.91007057798662,0.885487924327879,0.965848965848966,0.989417989417989,0.995073891625616,0.994708994708995,0.96520023267587,1,1,1,0.0298736589497459,0.0298736589497459,0.0298736589497459,0.0298736589497459,2022-03-04
"722",1,0.97362012987013,1,0.991071428571429,0.933630226733675,0.928704118359291,0.907615253520426,0.965848965848966,0.989417989417989,0.995073891625616,0.994708994708995,0.968694021495746,1,1,1,0.0263798701298701,0.0263798701298701,0.0263798701298701,0.0263798701298701,2022-03-05
"723",1,0.969681054239878,1,0.991071428571429,0.933630226733675,0.928704118359291,0.903676177890174,0.965848965848966,0.989417989417989,0.995073891625616,0.994708994708995,0.964754945865493,1,1,1,0.0303189457601222,0.0303189457601222,0.0303189457601222,0.0303189457601222,2022-03-06
"724",1,0.969681054239878,1,0.991071428571429,0.970667263770712,0.965741155396328,0.935422209636206,0.987012987012987,1,0.995073891625616,1,0.964754945865493,1,1,1,0.0303189457601222,0.0303189457601222,0.0303189457601222,0.0303189457601222,2022-03-07
"725",1,0.950633435192259,1,0.991071428571429,0.990147783251232,0.985221674876847,0.935855110069106,1,0.990476190476191,0.995073891625616,1,0.936183517294065,1,1,1,0.0493665648077413,0.0493665648077413,0.0493665648077413,0.0493665648077413,2022-03-08
"726",1,0.950633435192259,1,0.991071428571429,0.990147783251232,0.985221674876847,0.935855110069106,1,0.990476190476191,0.995073891625616,1,0.936183517294065,1,1,1,0.0493665648077413,0.0493665648077413,0.0493665648077413,0.0493665648077413,2022-03-09
"727",1,0.93187441643324,1,0.991071428571429,0.990147783251232,0.985221674876847,0.917096091310087,1,0.990476190476191,0.995073891625616,1,0.917424498535046,1,1,1,0.06812558356676,0.06812558356676,0.06812558356676,0.06812558356676,2022-03-10
"728",1,0.915067693744164,1,0.991071428571429,1,1,0.915067693744164,1,0.990476190476191,1,1,0.905543884220355,1,1,1,0.0849323062558357,0.0849323062558357,0.0849323062558357,0.0849323062558357,2022-03-11
"729",1,0.923996265172736,1,1,1,1,0.923996265172736,1,0.990476190476191,1,1,0.914472455648926,1,1,1,0.0760037348272642,0.0760037348272642,0.0760037348272642,0.0760037348272642,2022-03-12
"730",1,0.932399626517274,1,1,1,1,0.932399626517274,1,0.990476190476191,1,1,0.922875816993464,1,1,1,0.0676003734827264,0.0676003734827264,0.0676003734827264,0.0676003734827264,2022-03-13
"731",1,0.932399626517274,1,1,1,1,0.932399626517274,1,0.990476190476191,1,1,0.922875816993464,1,1,1,0.0676003734827264,0.0676003734827264,0.0676003734827264,0.0676003734827264,2022-03-14
"732",0.971428571428571,0.894304388422036,1,1,1,1,0.894304388422036,1,1,1,1,0.894304388422036,1,1,1,0.105695611577965,0.077124183006536,0.105695611577965,0.105695611577965,2022-03-15
"733",0.971428571428571,0.894304388422036,1,1,1,1,0.894304388422036,1,1,1,1,0.894304388422036,1,1,1,0.105695611577965,0.077124183006536,0.105695611577965,0.105695611577965,2022-03-16
"734",0.971428571428571,0.862558356676004,1,1,1,1,0.862558356676004,1,1,1,1,0.862558356676004,1,1,1,0.137441643323996,0.108870214752568,0.137441643323996,0.137441643323996,2022-03-17
"735",0.971428571428571,0.822222222222222,1,1,0.985714285714286,1,0.822222222222222,1,1,1,1,0.822222222222222,1,1,1,0.177777777777778,0.149206349206349,0.177777777777778,0.177777777777778,2022-03-18
"736",0.971428571428571,0.812018140589569,1,1,0.985714285714286,1,0.812018140589569,1,0.969387755102041,1,1,0.812018140589569,1,1,1,0.187981859410431,0.159410430839002,0.187981859410431,0.187981859410431,2022-03-19
"737",0.971428571428571,0.764399092970522,1,1,0.985714285714286,1,0.764399092970522,1,0.969387755102041,1,1,0.764399092970522,1,1,1,0.235600907029478,0.20702947845805,0.235600907029478,0.235600907029478,2022-03-20
"738",0.971428571428571,0.764399092970522,1,1,0.985714285714286,1,0.764399092970522,1,0.969387755102041,1,1,0.764399092970522,1,1,1,0.235600907029478,0.20702947845805,0.235600907029478,0.235600907029478,2022-03-21
"739",1,0.821541950113379,1,1,0.985714285714286,1,0.821541950113379,1,0.969387755102041,1,1,0.821541950113379,1,1,1,0.178458049886621,0.178458049886621,0.178458049886621,0.178458049886621,2022-03-22
"740",1,0.76031746031746,1,1,0.985714285714286,1,0.76031746031746,1,0.969387755102041,1,1,0.76031746031746,1,1,1,0.23968253968254,0.23968253968254,0.23968253968254,0.23968253968254,2022-03-23
"741",1,0.762585034013605,1,1,0.985714285714286,1,0.762585034013605,1,0.969387755102041,1,1,0.762585034013605,1,1,1,0.237414965986395,0.237414965986395,0.237414965986395,0.237414965986395,2022-03-24
"742",1,0.748299319727891,1,1,1,1,0.748299319727891,1,0.969387755102041,1,1,0.748299319727891,1,1,1,0.251700680272109,0.251700680272109,0.251700680272109,0.251700680272109,2022-03-25
"743",1,0.651360544217687,1,1,1,1,0.651360544217687,1,1,1,1,0.651360544217687,1,1,1,0.348639455782313,0.348639455782313,0.348639455782313,0.348639455782313,2022-03-26
"744",1,0.645408163265306,1,1,1,1,0.645408163265306,1,1,1,1,0.645408163265306,1,1,1,0.354591836734694,0.354591836734694,0.354591836734694,0.354591836734694,2022-03-27
"745",1,0.645408163265306,1,1,1,1,0.645408163265306,1,1,1,1,0.645408163265306,1,1,1,0.354591836734694,0.354591836734694,0.354591836734694,0.354591836734694,2022-03-28
"746",1,0.531122448979592,1,1,1,1,0.531122448979592,1,1,1,1,0.531122448979592,1,1,1,0.44030612244898,0.468877551020408,0.468877551020408,0.468877551020408,2022-03-29
"747",1,0.497108843537415,1,1,1,1,0.497108843537415,1,1,1,1,0.497108843537415,1,1,1,0.474319727891156,0.502891156462585,0.502891156462585,0.502891156462585,2022-03-30
"748",1,0.41547619047619,1,1,1,1,0.41547619047619,1,1,1,1,0.41547619047619,1,1,1,0.555952380952381,0.58452380952381,0.58452380952381,0.58452380952381,2022-03-31
"749",1,0.401190476190476,0.971428571428571,0.971428571428571,1,1,0.401190476190476,1,1,1,1,0.401190476190476,1,1,1,0.541666666666667,0.570238095238095,0.598809523809524,0.598809523809524,2022-04-01
"750",1,0.436904761904762,0.971428571428571,0.971428571428571,1,1,0.436904761904762,1,1,1,1,0.436904761904762,1,0.964285714285714,0.964285714285714,0.505952380952381,0.53452380952381,0.563095238095238,0.563095238095238,2022-04-02
"751",1,0.347619047619048,0.971428571428571,0.971428571428571,1,1,0.347619047619048,1,1,1,1,0.347619047619048,1,0.964285714285714,0.964285714285714,0.595238095238095,0.623809523809524,0.652380952380952,0.652380952380952,2022-04-03
"752",1,0.204761904761905,0.971428571428571,0.971428571428571,1,1,0.204761904761905,1,1,1,1,0.204761904761905,1,0.964285714285714,0.964285714285714,0.738095238095238,0.766666666666667,0.795238095238095,0.795238095238095,2022-04-04
"753",1,0.176190476190476,0.971428571428571,0.971428571428571,1,1,0.176190476190476,1,1,1,1,0.176190476190476,1,0.964285714285714,0.964285714285714,0.795238095238095,0.795238095238095,0.823809523809524,0.823809523809524,2022-04-05
