,G339D,S371L,S373P,S375F,K417N,N440K,G446S,S477N,T478K,E484A,Q493R,G496S,Q498R,N501Y,Y505H,S371F,T376A,R408S,D405N,Date
1,0,0,0,0,0,0,0,0,0,0,0,0,0,0,0,0,0,0,0,3/24/2020
2,NA,NA,NA,NA,NA,NA,NA,NA,NA,NA,NA,NA,NA,NA,NA,NA,NA,NA,NA,3/25/2020
3,NA,NA,NA,NA,NA,NA,NA,NA,NA,NA,NA,NA,NA,NA,NA,NA,NA,NA,NA,3/26/2020
4,NA,NA,NA,NA,NA,NA,NA,NA,NA,NA,NA,NA,NA,NA,NA,NA,NA,NA,NA,3/27/2020
5,NA,NA,NA,NA,NA,NA,NA,NA,NA,NA,NA,NA,NA,NA,NA,NA,NA,NA,NA,3/28/2020
6,NA,NA,NA,NA,NA,NA,NA,NA,NA,NA,NA,NA,NA,NA,NA,NA,NA,NA,NA,3/29/2020
7,0,0,0,0,0,0,0,0,0,0,0,0,0,0,0,0,0,0,0,3/30/2020
8,0,0,0,0,0,0,0,0,0,0,0,0,0,0,0,0,0,0,0,3/31/2020
9,0,0,0,0,0,0,0,0,0,0,0,0,0,0,0,0,0,0,0,4/1/2020
10,0,0,0,0,0,0,0,0,0,0,0,0,0,0,0,0,0,0,0,4/2/2020
11,0,0,0,0,0,0,0,0,0,0,0,0,0,0,0,0,0,0,0,4/3/2020
12,0,0,0,0,0,0,0,0,0,0,0,0,0,0,0,0,0,0,0,4/4/2020
13,0,0,0,0,0,0,0,0,0,0,0,0,0,0,0,0,0,0,0,4/5/2020
14,0,0,0,0,0,0,0,0,0,0,0,0,0,0,0,0,0,0,0,4/6/2020
15,NA,NA,NA,NA,NA,NA,NA,NA,NA,NA,NA,NA,NA,NA,NA,NA,NA,NA,NA,4/7/2020
16,NA,NA,NA,NA,NA,NA,NA,NA,NA,NA,NA,NA,NA,NA,NA,NA,NA,NA,NA,4/8/2020
17,NA,NA,NA,NA,NA,NA,NA,NA,NA,NA,NA,NA,NA,NA,NA,NA,NA,NA,NA,4/9/2020
18,NA,NA,NA,NA,NA,NA,NA,NA,NA,NA,NA,NA,NA,NA,NA,NA,NA,NA,NA,4/10/2020
19,NA,NA,NA,NA,NA,NA,NA,NA,NA,NA,NA,NA,NA,NA,NA,NA,NA,NA,NA,4/11/2020
20,NA,NA,NA,NA,NA,NA,NA,NA,NA,NA,NA,NA,NA,NA,NA,NA,NA,NA,NA,4/12/2020
21,NA,NA,NA,NA,NA,NA,NA,NA,NA,NA,NA,NA,NA,NA,NA,NA,NA,NA,NA,4/13/2020
22,NA,NA,NA,NA,NA,NA,NA,NA,NA,NA,NA,NA,NA,NA,NA,NA,NA,NA,NA,4/14/2020
23,NA,NA,NA,NA,NA,NA,NA,NA,NA,NA,NA,NA,NA,NA,NA,NA,NA,NA,NA,4/15/2020
24,NA,NA,NA,NA,NA,NA,NA,NA,NA,NA,NA,NA,NA,NA,NA,NA,NA,NA,NA,4/16/2020
25,NA,NA,NA,NA,NA,NA,NA,NA,NA,NA,NA,NA,NA,NA,NA,NA,NA,NA,NA,4/17/2020
26,0,0,0,0,0,0,0,0,0,0,0,0,0,0,0,0,0,0,0,4/18/2020
27,0,0,0,0,0,0,0,0,0,0,0,0,0,0,0,0,0,0,0,4/19/2020
28,0,0,0,0,0,0,0,0,0,0,0,0,0,0,0,0,0,0,0,4/20/2020
29,0,0,0,0,0,0,0,0,0,0,0,0,0,0,0,0,0,0,0,4/21/2020
30,0,0,0,0,0,0,0,0,0,0,0,0,0,0,0,0,0,0,0,4/22/2020
31,0,0,0,0,0,0,0,0,0,0,0,0,0,0,0,0,0,0,0,4/23/2020
32,0,0,0,0,0,0,0,0,0,0,0,0,0,0,0,0,0,0,0,4/24/2020
33,0,0,0,0,0,0,0,0,0,0,0,0,0,0,0,0,0,0,0,4/25/2020
34,0,0,0,0,0,0,0,0,0,0,0,0,0,0,0,0,0,0,0,4/26/2020
35,0,0,0,0,0,0,0,0,0,0,0,0,0,0,0,0,0,0,0,4/27/2020
36,0,0,0,0,0,0,0,0,0,0,0,0,0,0,0,0,0,0,0,4/28/2020
37,0,0,0,0,0,0,0,0,0,0,0,0,0,0,0,0,0,0,0,4/29/2020
38,0,0,0,0,0,0,0,0,0,0,0,0,0,0,0,0,0,0,0,4/30/2020
39,0,0,0,0,0,0,0,0,0,0,0,0,0,0,0,0,0,0,0,5/1/2020
40,0,0,0,0,0,0,0,0,0,0,0,0,0,0,0,0,0,0,0,5/2/2020
41,0,0,0,0,0,0,0,0,0,0,0,0,0,0,0,0,0,0,0,5/3/2020
42,0,0,0,0,0,0,0,0,0,0,0,0,0,0,0,0,0,0,0,5/4/2020
43,0,0,0,0,0,0,0,0,0,0,0,0,0,0,0,0,0,0,0,5/5/2020
44,0,0,0,0,0,0,0,0,0,0,0,0,0,0,0,0,0,0,0,5/6/2020
45,0,0,0,0,0,0,0,0,0,0,0,0,0,0,0,0,0,0,0,5/7/2020
46,0,0,0,0,0,0,0,0,0,0,0,0,0,0,0,0,0,0,0,5/8/2020
47,0,0,0,0,0,0,0,0,0,0,0,0,0,0,0,0,0,0,0,5/9/2020
48,NA,NA,NA,NA,NA,NA,NA,NA,NA,NA,NA,NA,NA,NA,NA,NA,NA,NA,NA,5/10/2020
49,0,0,0,0,0,0,0,0,0,0,0,0,0,0,0,0,0,0,0,5/11/2020
50,0,0,0,0,0,0,0,0,0,0,0,0,0,0,0,0,0,0,0,5/12/2020
51,0,0,0,0,0,0,0,0,0,0,0,0,0,0,0,0,0,0,0,5/13/2020
52,0,0,0,0,0,0,0,0,0,0,0,0,0,0,0,0,0,0,0,5/14/2020
53,0,0,0,0,0,0,0,0,0,0,0,0,0,0,0,0,0,0,0,5/15/2020
54,0,0,0,0,0,0,0,0,0,0,0,0,0,0,0,0,0,0,0,5/16/2020
55,0,0,0,0,0,0,0,0,0,0,0,0,0,0,0,0,0,0,0,5/17/2020
56,0,0,0,0,0,0,0,0,0,0,0,0,0,0,0,0,0,0,0,5/18/2020
57,0,0,0,0,0,0,0,0,0,0,0,0,0,0,0,0,0,0,0,5/19/2020
58,0,0,0,0,0,0,0,0,0,0,0,0,0,0,0,0,0,0,0,5/20/2020
59,0,0,0,0,0,0,0,0,0,0,0,0,0,0,0,0,0,0,0,5/21/2020
60,NA,NA,NA,NA,NA,NA,NA,NA,NA,NA,NA,NA,NA,NA,NA,NA,NA,NA,NA,5/22/2020
61,NA,NA,NA,NA,NA,NA,NA,NA,NA,NA,NA,NA,NA,NA,NA,NA,NA,NA,NA,5/23/2020
62,NA,NA,NA,NA,NA,NA,NA,NA,NA,NA,NA,NA,NA,NA,NA,NA,NA,NA,NA,5/24/2020
63,NA,NA,NA,NA,NA,NA,NA,NA,NA,NA,NA,NA,NA,NA,NA,NA,NA,NA,NA,5/25/2020
64,NA,NA,NA,NA,NA,NA,NA,NA,NA,NA,NA,NA,NA,NA,NA,NA,NA,NA,NA,5/26/2020
65,NA,NA,NA,NA,NA,NA,NA,NA,NA,NA,NA,NA,NA,NA,NA,NA,NA,NA,NA,5/27/2020
66,NA,NA,NA,NA,NA,NA,NA,NA,NA,NA,NA,NA,NA,NA,NA,NA,NA,NA,NA,5/28/2020
67,NA,NA,NA,NA,NA,NA,NA,NA,NA,NA,NA,NA,NA,NA,NA,NA,NA,NA,NA,5/29/2020
68,NA,NA,NA,NA,NA,NA,NA,NA,NA,NA,NA,NA,NA,NA,NA,NA,NA,NA,NA,5/30/2020
69,NA,NA,NA,NA,NA,NA,NA,NA,NA,NA,NA,NA,NA,NA,NA,NA,NA,NA,NA,5/31/2020
70,NA,NA,NA,NA,NA,NA,NA,NA,NA,NA,NA,NA,NA,NA,NA,NA,NA,NA,NA,6/1/2020
71,NA,NA,NA,NA,NA,NA,NA,NA,NA,NA,NA,NA,NA,NA,NA,NA,NA,NA,NA,6/2/2020
72,NA,NA,NA,NA,NA,NA,NA,NA,NA,NA,NA,NA,NA,NA,NA,NA,NA,NA,NA,6/3/2020
73,NA,NA,NA,NA,NA,NA,NA,NA,NA,NA,NA,NA,NA,NA,NA,NA,NA,NA,NA,6/4/2020
74,NA,NA,NA,NA,NA,NA,NA,NA,NA,NA,NA,NA,NA,NA,NA,NA,NA,NA,NA,6/5/2020
75,NA,NA,NA,NA,NA,NA,NA,NA,NA,NA,NA,NA,NA,NA,NA,NA,NA,NA,NA,6/6/2020
76,NA,NA,NA,NA,NA,NA,NA,NA,NA,NA,NA,NA,NA,NA,NA,NA,NA,NA,NA,6/7/2020
77,NA,NA,NA,NA,NA,NA,NA,NA,NA,NA,NA,NA,NA,NA,NA,NA,NA,NA,NA,6/8/2020
78,0,0,0,0,0,0,0,0,0,0,0,0,0,0,0,0,0,0,0,6/9/2020
79,0,0,0,0,0,0,0,0,0,0,0,0,0,0,0,0,0,0,0,6/10/2020
80,0,0,0,0,0,0,0,0,0,0,0,0,0,0,0,0,0,0,0,6/11/2020
81,0,0,0,0,0,0,0,0,0,0,0,0,0,0,0,0,0,0,0,6/12/2020
82,0,0,0,0,0,0,0,0,0,0,0,0,0,0,0,0,0,0,0,6/13/2020
83,0,0,0,0,0,0,0,0,0,0,0,0,0,0,0,0,0,0,0,6/14/2020
84,0,0,0,0,0,0,0,0,0,0,0,0,0,0,0,0,0,0,0,6/15/2020
85,NA,NA,NA,NA,NA,NA,NA,NA,NA,NA,NA,NA,NA,NA,NA,NA,NA,NA,NA,6/16/2020
86,NA,NA,NA,NA,NA,NA,NA,NA,NA,NA,NA,NA,NA,NA,NA,NA,NA,NA,NA,6/17/2020
87,NA,NA,NA,NA,NA,NA,NA,NA,NA,NA,NA,NA,NA,NA,NA,NA,NA,NA,NA,6/18/2020
88,NA,NA,NA,NA,NA,NA,NA,NA,NA,NA,NA,NA,NA,NA,NA,NA,NA,NA,NA,6/19/2020
89,NA,NA,NA,NA,NA,NA,NA,NA,NA,NA,NA,NA,NA,NA,NA,NA,NA,NA,NA,6/20/2020
90,NA,NA,NA,NA,NA,NA,NA,NA,NA,NA,NA,NA,NA,NA,NA,NA,NA,NA,NA,6/21/2020
91,0,0,0,0,0,0,0,0,0,0,0,0,0,0,0,0,0,0,0,6/22/2020
92,0,0,0,0,0,0,0,0,0,0,0,0,0,0,0,0,0,0,0,6/23/2020
93,0,0,0,0,0,0,0,0,0,0,0,0,0,0,0,0,0,0,0,6/24/2020
94,0,0,0,0,0,0,0,0,0,0,0,0,0,0,0,0,0,0,0,6/25/2020
95,0,0,0,0,0,0,0,0,0,0,0,0,0,0,0,0,0,0,0,6/26/2020
96,0,0,0,0,0,0,0,0,0,0,0,0,0,0,0,0,0,0,0,6/27/2020
97,0,0,0,0,0,0,0,0,0,0,0,0,0,0,0,0,0,0,0,6/28/2020
98,NA,NA,NA,NA,NA,NA,NA,NA,NA,NA,NA,NA,NA,NA,NA,NA,NA,NA,NA,6/29/2020
99,NA,NA,NA,NA,NA,NA,NA,NA,NA,NA,NA,NA,NA,NA,NA,NA,NA,NA,NA,6/30/2020
100,NA,NA,NA,NA,NA,NA,NA,NA,NA,NA,NA,NA,NA,NA,NA,NA,NA,NA,NA,7/1/2020
101,NA,NA,NA,NA,NA,NA,NA,NA,NA,NA,NA,NA,NA,NA,NA,NA,NA,NA,NA,7/2/2020
102,NA,NA,NA,NA,NA,NA,NA,NA,NA,NA,NA,NA,NA,NA,NA,NA,NA,NA,NA,7/3/2020
103,0,0,0,0,0,0,0,0,0,0,0,0,0,0,0,0,0,0,0,7/4/2020
104,0,0,0,0,0,0,0,0,0,0,0,0,0,0,0,0,0,0,0,7/5/2020
105,0,0,0,0,0,0,0,0,0,0,0,0,0,0,0,0,0,0,0,7/6/2020
106,0,0,0,0,0,0,0,0,0,0,0,0,0,0,0,0,0,0,0,7/7/2020
107,0,0,0,0,0,0,0,0,0,0,0,0,0,0,0,0,0,0,0,7/8/2020
108,0,0,0,0,0,0,0,0,0,0,0,0,0,0,0,0,0,0,0,7/9/2020
109,0,0,0,0,0,0,0,0,0,0,0,0,0,0,0,0,0,0,0,7/10/2020
110,0,0,0,0,0,0,0,0,0,0,0,0,0,0,0,0,0,0,0,7/11/2020
111,0,0,0,0,0,0,0,0,0,0,0,0,0,0,0,0,0,0,0,7/12/2020
112,0,0,0,0,0,0,0,0,0,0,0,0,0,0,0,0,0,0,0,7/13/2020
113,0,0,0,0,0,0,0,0,0,0,0,0,0,0,0,0,0,0,0,7/14/2020
114,0,0,0,0,0,0,0,0,0,0,0,0,0,0,0,0,0,0,0,7/15/2020
115,NA,NA,NA,NA,NA,NA,NA,NA,NA,NA,NA,NA,NA,NA,NA,NA,NA,NA,NA,7/16/2020
116,NA,NA,NA,NA,NA,NA,NA,NA,NA,NA,NA,NA,NA,NA,NA,NA,NA,NA,NA,7/17/2020
117,NA,NA,NA,NA,NA,NA,NA,NA,NA,NA,NA,NA,NA,NA,NA,NA,NA,NA,NA,7/18/2020
118,NA,NA,NA,NA,NA,NA,NA,NA,NA,NA,NA,NA,NA,NA,NA,NA,NA,NA,NA,7/19/2020
119,0,0,0,0,0,0,0,0,0,0,0,0,0,0,0,0,0,0,0,7/20/2020
120,0,0,0,0,0,0,0,0,0,0,0,0,0,0,0,0,0,0,0,7/21/2020
121,0,0,0,0,0,0,0,0,0,0,0,0,0,0,0,0,0,0,0,7/22/2020
122,0,0,0,0,0,0,0,0,0,0,0,0,0,0,0,0,0,0,0,7/23/2020
123,0,0,0,0,0,0,0,0,0,0,0,0,0,0,0,0,0,0,0,7/24/2020
124,0,0,0,0,0,0,0,0,0,0,0,0,0,0,0,0,0,0,0,7/25/2020
125,0,0,0,0,0,0,0,0,0,0,0,0,0,0,0,0,0,0,0,7/26/2020
126,0,0,0,0,0,0,0,0,0,0,0,0,0,0,0,0,0,0,0,7/27/2020
127,0,0,0,0,0,0,0,0,0,0,0,0,0,0,0,0,0,0,0,7/28/2020
128,0,0,0,0,0,0,0,0,0,0,0,0,0,0,0,0,0,0,0,7/29/2020
129,0,0,0,0,0,0,0,0,0,0,0,0,0,0,0,0,0,0,0,7/30/2020
130,0,0,0,0,0,0,0,0,0,0,0,0,0,0,0,0,0,0,0,7/31/2020
131,0,0,0,0,0,0,0,0,0,0,0,0,0,0,0,0,0,0,0,8/1/2020
132,0,0,0,0,0,0,0,0,0,0,0,0,0,0,0,0,0,0,0,8/2/2020
133,0,0,0,0,0,0,0,0,0,0,0,0,0,0,0,0,0,0,0,8/3/2020
134,0,0,0,0,0,0,0,0,0,0,0,0,0,0,0,0,0,0,0,8/4/2020
135,0,0,0,0,0,0,0,0,0,0,0,0,0,0,0,0,0,0,0,8/5/2020
136,0,0,0,0,0,0,0,0,0,0,0,0,0,0,0,0,0,0,0,8/6/2020
137,0,0,0,0,0,0,0,0,0,0,0,0,0,0,0,0,0,0,0,8/7/2020
138,0,0,0,0,0,0,0,0,0,0,0,0,0,0,0,0,0,0,0,8/8/2020
139,NA,NA,NA,NA,NA,NA,NA,NA,NA,NA,NA,NA,NA,NA,NA,NA,NA,NA,NA,8/9/2020
140,NA,NA,NA,NA,NA,NA,NA,NA,NA,NA,NA,NA,NA,NA,NA,NA,NA,NA,NA,8/10/2020
141,NA,NA,NA,NA,NA,NA,NA,NA,NA,NA,NA,NA,NA,NA,NA,NA,NA,NA,NA,8/11/2020
142,NA,NA,NA,NA,NA,NA,NA,NA,NA,NA,NA,NA,NA,NA,NA,NA,NA,NA,NA,8/12/2020
143,NA,NA,NA,NA,NA,NA,NA,NA,NA,NA,NA,NA,NA,NA,NA,NA,NA,NA,NA,8/13/2020
144,0,0,0,0,0,0,0,0,0,0,0,0,0,0,0,0,0,0,0,8/14/2020
145,0,0,0,0,0,0,0,0,0,0,0,0,0,0,0,0,0,0,0,8/15/2020
146,0,0,0,0,0,0,0,0,0,0,0,0,0,0,0,0,0,0,0,8/16/2020
147,0,0,0,0,0,0,0,0,0,0,0,0,0,0,0,0,0,0,0,8/17/2020
148,0,0,0,0,0,0,0,0,0,0,0,0,0,0,0,0,0,0,0,8/18/2020
149,0,0,0,0,0,0,0,0,0,0,0,0,0,0,0,0,0,0,0,8/19/2020
150,0,0,0,0,0,0,0,0,0,0,0,0,0,0,0,0,0,0,0,8/20/2020
151,0,0,0,0,0,0,0,0,0,0,0,0,0,0,0,0,0,0,0,8/21/2020
152,0,0,0,0,0,0,0,0,0,0,0,0,0,0,0,0,0,0,0,8/22/2020
153,0,0,0,0,0,0,0,0,0,0,0,0,0,0,0,0,0,0,0,8/23/2020
154,0,0,0,0,0,0,0,0,0,0,0,0,0,0,0,0,0,0,0,8/24/2020
155,0,0,0,0,0,0,0,0,0,0,0,0,0,0,0,0,0,0,0,8/25/2020
156,0,0,0,0,0,0,0,0,0,0,0,0,0,0,0,0,0,0,0,8/26/2020
157,0,0,0,0,0,0,0,0,0,0,0,0,0,0,0,0,0,0,0,8/27/2020
158,0,0,0,0,0,0,0,0,0,0,0,0,0,0,0,0,0,0,0,8/28/2020
159,0,0,0,0,0,0,0,0,0,0,0,0,0,0,0,0,0,0,0,8/29/2020
160,0,0,0,0,0,0,0,0,0,0,0,0,0,0,0,0,0,0,0,8/30/2020
161,0,0,0,0,0,0,0,0,0,0,0,0,0,0,0,0,0,0,0,8/31/2020
162,0,0,0,0,0,0,0,0,0,0,0,0,0,0,0,0,0,0,0,9/1/2020
163,0,0,0,0,0,0,0,0,0,0,0,0,0,0,0,0,0,0,0,9/2/2020
164,0,0,0,0,0,0,0,0,0,0,0,0,0,0,0,0,0,0,0,9/3/2020
165,0,0,0,0,0,0,0,0,0,0,0,0,0,0,0,0,0,0,0,9/4/2020
166,0,0,0,0,0,0,0,0,0,0,0,0,0,0,0,0,0,0,0,9/5/2020
167,0,0,0,0,0,0,0,0,0,0,0,0,0,0,0,0,0,0,0,9/6/2020
168,0,0,0,0,0,0,0,0,0,0,0,0,0,0,0,0,0,0,0,9/7/2020
169,0,0,0,0,0,0,0,0,0,0,0,0,0,0,0,0,0,0,0,9/8/2020
170,0,0,0,0,0,0,0,0,0,0,0,0,0,0,0,0,0,0,0,9/9/2020
171,0,0,0,0,0,0,0,0,0,0,0,0,0,0,0,0,0,0,0,9/10/2020
172,0,0,0,0,0,0,0,0,0,0,0,0,0,0,0,0,0,0,0,9/11/2020
173,0,0,0,0,0,0,0,0,0,0,0,0,0,0,0,0,0,0,0,9/12/2020
174,0,0,0,0,0,0,0,0,0,0,0,0,0,0,0,0,0,0,0,9/13/2020
175,0,0,0,0,0,0,0,0,0,0,0,0,0,0,0,0,0,0,0,9/14/2020
176,0,0,0,0,0,0,0,0,0,0,0,0,0,0,0,0,0,0,0,9/15/2020
177,0,0,0,0,0,0,0,0,0,0,0,0,0,0,0,0,0,0,0,9/16/2020
178,0,0,0,0,0,0,0,0,0,0,0,0,0,0,0,0,0,0,0,9/17/2020
179,0,0,0,0,0,0,0,0,0,0,0,0,0,0,0,0,0,0,0,9/18/2020
180,0,0,0,0,0,0,0,0,0,0,0,0,0,0,0,0,0,0,0,9/19/2020
181,0,0,0,0,0,0,0,0,0,0,0,0,0,0,0,0,0,0,0,9/20/2020
182,0,0,0,0,0,0,0,0,0,0,0,0,0,0,0,0,0,0,0,9/21/2020
183,0,0,0,0,0,0,0,0,0,0,0,0,0,0,0,0,0,0,0,9/22/2020
184,0,0,0,0,0,0,0,0,0,0,0,0,0,0,0,0,0,0,0,9/23/2020
185,0,0,0,0,0,0,0,0,0,0,0,0,0,0,0,0,0,0,0,9/24/2020
186,0,0,0,0,0,0,0,0,0,0,0,0,0,0,0,0,0,0,0,9/25/2020
187,0,0,0,0,0,0,0,0,0,0,0,0,0,0,0,0,0,0,0,9/26/2020
188,0,0,0,0,0,0,0,0,0,0,0,0,0,0,0,0,0,0,0,9/27/2020
189,0,0,0,0,0,0,0,0,0,0,0,0,0,0,0,0,0,0,0,9/28/2020
190,0,0,0,0,0,0,0,0,0,0,0,0,0,0,0,0,0,0,0,9/29/2020
191,0,0,0,0,0,0,0,0,0,0,0,0,0,0,0,0,0,0,0,9/30/2020
192,0,0,0,0,0,0,0,0,0,0,0,0,0,0,0,0,0,0,0,10/1/2020
193,0,0,0,0,0,0,0,0,0,0,0,0,0,0,0,0,0,0,0,10/2/2020
194,0,0,0,0,0,0,0,0,0,0,0,0,0,0,0,0,0,0,0,10/3/2020
195,0,0,0,0,0,0,0,0,0,0,0,0,0,0,0,0,0,0,0,10/4/2020
196,0,0,0,0,0,0,0,0,0,0,0,0,0,0,0,0,0,0,0,10/5/2020
197,0,0,0,0,0,0,0,0,0,0,0,0,0,0,0,0,0,0,0,10/6/2020
198,0,0,0,0,0,0,0,0,0,0,0,0,0,0,0,0,0,0,0,10/7/2020
199,0,0,0,0,0,0,0,0,0,0,0,0,0,0,0,0,0,0,0,10/8/2020
200,0,0,0,0,0,0,0,0,0,0,0,0,0,0,0,0,0,0,0,10/9/2020
201,0,0,0,0,0,0,0,0,0,0,0,0,0,0,0,0,0,0,0,10/10/2020
202,0,0,0,0,0,0,0,0,0,0,0,0,0,0,0,0,0,0,0,10/11/2020
203,0,0,0,0,0,0,0,0,0,0,0,0,0,0,0,0,0,0,0,10/12/2020
204,0,0,0,0,0,0,0,0,0,0,0,0,0,0,0,0,0,0,0,10/13/2020
205,0,0,0,0,0,0,0,0,0,0,0,0,0,0,0,0,0,0,0,10/14/2020
206,0,0,0,0,0,0,0,0,0,0,0,0,0,0,0,0,0,0,0,10/15/2020
207,0,0,0,0,0,0,0,0,0,0,0,0,0,0,0,0,0,0,0,10/16/2020
208,0,0,0,0,0,0,0,0,0,0,0,0,0,0,0,0,0,0,0,10/17/2020
209,0,0,0,0,0,0,0,0,0,0,0,0,0,0,0,0,0,0,0,10/18/2020
210,0,0,0,0,0,0,0,0,0,0,0,0,0,0,0,0,0,0,0,10/19/2020
211,0,0,0,0,0,0,0,0,0,0,0,0,0,0,0,0,0,0,0,10/20/2020
212,0,0,0,0,0,0,0,0,0,0,0,0,0,0,0,0,0,0,0,10/21/2020
213,0,0,0,0,0,0,0,0,0,0,0,0,0,0,0,0,0,0,0,10/22/2020
214,0,0,0,0,0,0,0,0,0,0,0,0,0,0,0,0,0,0,0,10/23/2020
215,0,0,0,0,0,0,0,0,0,0,0,0,0,0,0,0,0,0,0,10/24/2020
216,0,0,0,0,0,0,0,0,0,0,0,0,0,0,0,0,0,0,0,10/25/2020
217,0,0,0,0,0,0,0,0,0,0,0,0,0,0,0,0,0,0,0,10/26/2020
218,0,0,0,0,0,0,0,0,0,0,0,0,0,0,0,0,0,0,0,10/27/2020
219,0,0,0,0,0,0,0,0,0,0,0,0,0,0,0,0,0,0,0,10/28/2020
220,0,0,0,0,0,0,0,0,0,0,0,0,0,0,0,0,0,0,0,10/29/2020
221,0,0,0,0,0,0,0,0,0,0,0,0,0,0,0,0,0,0,0,10/30/2020
222,0,0,0,0,0,0,0,0,0,0,0,0,0,0,0,0,0,0,0,10/31/2020
223,0,0,0,0,0,0,0,0,0,0,0,0,0,0,0,0,0,0,0,11/1/2020
224,0,0,0,0,0,0,0,0,0,0,0,0,0,0,0,0,0,0,0,11/2/2020
225,0,0,0,0,0,0,0,0,0,0,0,0,0,0,0,0,0,0,0,11/3/2020
226,0,0,0,0,0,0,0,0,0,0,0,0,0,0,0,0,0,0,0,11/4/2020
227,0,0,0,0,0,0,0,0,0,0,0,0,0,0,0,0,0,0,0,11/5/2020
228,0,0,0,0,0,0,0,0,0,0,0,0,0,0,0,0,0,0,0,11/6/2020
229,0,0,0,0,0,0,0,0,0,0,0,0,0,0,0,0,0,0,0,11/7/2020
230,0,0,0,0,0,0,0,0,0,0,0,0,0,0,0,0,0,0,0,11/8/2020
231,0,0,0,0,0,0,0,0,0,0,0,0,0,0,0,0,0,0,0,11/9/2020
232,0,0,0,0,0,0,0,0,0,0,0,0,0,0,0,0,0,0,0,11/10/2020
233,0,0,0,0,0,0,0,0,0,0,0,0,0,0,0,0,0,0,0,11/11/2020
234,0,0,0,0,0,0,0,0,0,0,0,0,0,0,0,0,0,0,0,11/12/2020
235,0,0,0,0,0,0,0,0,0,0,0,0,0,0,0,0,0,0,0,11/13/2020
236,0,0,0,0,0,0,0,0,0,0,0,0,0,0,0,0,0,0,0,11/14/2020
237,0,0,0,0,0,0,0,0,0,0,0,0,0,0,0,0,0,0,0,11/15/2020
238,0,0,0,0,0,0,0,0,0,0,0,0,0,0,0,0,0,0,0,11/16/2020
239,0,0,0,0,0,0,0,0,0,0,0,0,0,0,0,0,0,0,0,11/17/2020
240,0,0,0,0,0,0,0,0,0,0,0,0,0,0,0,0,0,0,0,11/18/2020
241,0,0,0,0,0,0,0,0,0,0,0,0,0,0,0,0,0,0,0,11/19/2020
242,0,0,0,0,0,0,0,0,0,0,0,0,0,0,0,0,0,0,0,11/20/2020
243,0,0,0,0,0,0,0,0,0,0,0,0,0,0,0,0,0,0,0,11/21/2020
244,0,0,0,0,0,0,0,0,0,0,0,0,0,0,0,0,0,0,0,11/22/2020
245,0,0,0,0,0,0,0,0,0,0,0,0,0,0,0,0,0,0,0,11/23/2020
246,0,0,0,0,0,0,0,0,0,0,0,0,0,0,0,0,0,0,0,11/24/2020
247,0,0,0,0,0,0,0,0,0,0,0,0,0,0,0,0,0,0,0,11/25/2020
248,0,0,0,0,0,0,0,0,0,0,0,0,0,0,0,0,0,0,0,11/26/2020
249,NA,NA,NA,NA,NA,NA,NA,NA,NA,NA,NA,NA,NA,NA,NA,NA,NA,NA,NA,11/27/2020
250,NA,NA,NA,NA,NA,NA,NA,NA,NA,NA,NA,NA,NA,NA,NA,NA,NA,NA,NA,11/28/2020
251,NA,NA,NA,NA,NA,NA,NA,NA,NA,NA,NA,NA,NA,NA,NA,NA,NA,NA,NA,11/29/2020
252,NA,NA,NA,NA,NA,NA,NA,NA,NA,NA,NA,NA,NA,NA,NA,NA,NA,NA,NA,11/30/2020
253,0,0,0,0,0,0,0,0,0,0,0,0,0,0,0,0,0,0,0,12/1/2020
254,0,0,0,0,0,0,0,0,0,0,0,0,0,0,0,0,0,0,0,12/2/2020
255,0,0,0,0,0,0,0,0,0,0,0,0,0,0,0,0,0,0,0,12/3/2020
256,0,0,0,0,0,0,0,0,0,0,0,0,0,0,0,0,0,0,0,12/4/2020
257,0,0,0,0,0,0,0,0,0,0,0,0,0,0,0,0,0,0,0,12/5/2020
258,0,0,0,0,0,0,0,0,0,0,0,0,0,0,0,0,0,0,0,12/6/2020
259,0,0,0,0,0,0,0,0,0,0,0,0,0,0,0,0,0,0,0,12/7/2020
260,0,0,0,0,0,0,0,0,0,0,0,0,0,0,0,0,0,0,0,12/8/2020
261,0,0,0,0,0,0,0,0,0,0,0,0,0,0,0,0,0,0,0,12/9/2020
262,0,0,0,0,0,0,0,0,0,0,0,0,0,0,0,0,0,0,0,12/10/2020
263,0,0,0,0,0,0,0,0,0,0,0,0,0,0,0,0,0,0,0,12/11/2020
264,0,0,0,0,0,0,0,0,0,0,0,0,0,0,0,0,0,0,0,12/12/2020
265,0,0,0,0,0,0,0,0,0,0,0,0,0,0,0,0,0,0,0,12/13/2020
266,0,0,0,0,0,0,0,0,0,0,0,0,0,0,0,0,0,0,0,12/14/2020
267,0,0,0,0,0,0,0,0,0,0,0,0,0,0,0,0,0,0,0,12/15/2020
268,0,0,0,0,0,0,0,0,0,0,0,0,0,0,0,0,0,0,0,12/16/2020
269,0,0,0,0,0,0,0,0,0,0,0,0,0,0,0,0,0,0,0,12/17/2020
270,0,0,0,0,0,0,0,0,0,0,0,0,0,0,0,0,0,0,0,12/18/2020
271,0,0,0,0,0,0,0,0,0,0,0,0,0,0,0,0,0,0,0,12/19/2020
272,0,0,0,0,0,0,0,0,0,0,0,0,0,0,0,0,0,0,0,12/20/2020
273,0,0,0,0,0,0,0,0,0,0,0,0,0,0,0,0,0,0,0,12/21/2020
274,0,0,0,0,0,0,0,0,0,0,0,0,0,0,0,0,0,0,0,12/22/2020
275,0,0,0,0,0,0,0,0,0,0,0,0,0,0,0,0,0,0,0,12/23/2020
276,0,0,0,0,0,0,0,0,0,0,0,0,0,0,0,0,0,0,0,12/24/2020
277,0,0,0,0,0,0,0,0,0,0,0,0,0,0,0,0,0,0,0,12/25/2020
278,0,0,0,0,0,0,0,0,0,0,0,0,0,0,0,0,0,0,0,12/26/2020
279,0,0,0,0,0,0,0,0,0,0,0,0,0,0,0,0,0,0,0,12/27/2020
280,0,0,0,0,0,0,0,0,0,0,0,0,0,0,0,0,0,0,0,12/28/2020
281,0,0,0,0,0,0,0,0,0,0,0,0,0,0,0,0,0,0,0,12/29/2020
282,0.333333333,0.333333333,0.333333333,0.333333333,0.333333333,0.333333333,0.333333333,0.333333333,0.333333333,0.333333333,0.333333333,0.333333333,0.333333333,0.333333333,0.333333333,0,0,0,0,12/30/2020
283,0.333333333,0.333333333,0.333333333,0.333333333,0.333333333,0.333333333,0.333333333,0.333333333,0.333333333,0.333333333,0.333333333,0.333333333,0.333333333,0.333333333,0.333333333,0,0,0,0,12/31/2020
284,0.333333333,0.333333333,0.333333333,0.333333333,0.333333333,0.333333333,0.333333333,0.333333333,0.333333333,0.333333333,0.333333333,0.333333333,0.333333333,0.333333333,0.333333333,0,0,0,0,1/1/2021
285,0.5,0.5,0.5,0.5,0.5,0.5,0.5,0.5,0.5,0.5,0.5,0.5,0.5,0.5,0.5,0,0,0,0,1/2/2021
286,0.5,0.5,0.5,0.5,0.5,0.5,0.5,0.5,0.5,0.5,0.5,0.5,0.5,0.5,0.5,0,0,0,0,1/3/2021
287,0.5,0.5,0.5,0.5,0.5,0.5,0.5,0.5,0.5,0.5,0.5,0.5,0.5,0.5,0.5,0,0,0,0,1/4/2021
288,0.5,0.5,0.5,0.5,0.5,0.5,0.5,0.5,0.5,0.5,0.5,0.5,0.5,0.5,0.5,0,0,0,0,1/5/2021
289,0,0,0,0,0,0,0,0,0,0,0,0,0,0,0,0,0,0,0,1/6/2021
290,0,0,0,0,0,0,0,0,0,0,0,0,0,0,0,0,0,0,0,1/7/2021
291,0,0,0,0,0,0,0,0,0,0,0,0,0,0,0,0,0,0,0,1/8/2021
292,0,0,0,0,0,0,0,0,0,0,0,0,0,0,0,0,0,0,0,1/9/2021
293,0,0,0,0,0,0,0,0,0,0,0,0,0,0,0,0,0,0,0,1/10/2021
294,0,0,0,0,0,0,0,0,0,0,0,0,0,0,0,0,0,0,0,1/11/2021
295,0,0,0,0,0,0,0,0,0,0,0,0,0,0,0,0,0,0,0,1/12/2021
296,0,0,0,0,0,0,0,0,0,0,0,0,0,0,0,0,0,0,0,1/13/2021
297,NA,NA,NA,NA,NA,NA,NA,NA,NA,NA,NA,NA,NA,NA,NA,NA,NA,NA,NA,1/14/2021
298,NA,NA,NA,NA,NA,NA,NA,NA,NA,NA,NA,NA,NA,NA,NA,NA,NA,NA,NA,1/15/2021
299,0,0,0,0,0,0,0,0,0,0,0,0,0,0,0,0,0,0,0,1/16/2021
300,0,0,0,0,0,0,0,0,0,0,0,0,0,0,0,0,0,0,0,1/17/2021
301,0,0,0,0,0,0,0,0,0,0,0,0,0,0,0,0,0,0,0,1/18/2021
302,0,0,0,0,0,0,0,0,0,0,0,0,0,0,0,0,0,0,0,1/19/2021
303,0,0,0,0,0,0,0,0,0,0,0,0,0,0,0,0,0,0,0,1/20/2021
304,0,0,0,0,0,0,0,0,0,0,0,0,0,0,0,0,0,0,0,1/21/2021
305,0,0,0,0,0,0,0,0,0,0,0,0,0,0,0,0,0,0,0,1/22/2021
306,0,0,0,0,0,0,0,0,0,0,0,0,0,0,0,0,0,0,0,1/23/2021
307,0,0,0,0,0,0,0,0,0,0,0,0,0,0,0,0,0,0,0,1/24/2021
308,0,0,0,0,0,0,0,0,0,0,0,0,0,0,0,0,0,0,0,1/25/2021
309,0,0,0,0,0,0,0,0,0,0,0,0,0,0,0,0,0,0,0,1/26/2021
310,0,0,0,0,0,0,0,0,0,0,0,0,0,0,0,0,0,0,0,1/27/2021
311,0,0,0,0,0,0,0,0,0,0,0,0,0,0,0,0,0,0,0,1/28/2021
312,0,0,0,0,0,0,0,0,0,0,0,0,0,0,0,0,0,0,0,1/29/2021
313,0,0,0,0,0,0,0,0,0,0,0,0,0,0,0,0,0,0,0,1/30/2021
314,0,0,0,0,0,0,0,0,0,0,0,0,0,0,0,0,0,0,0,1/31/2021
315,0,0,0,0,0,0,0,0,0,0,0,0,0,0,0,0,0,0,0,2/1/2021
316,0,0,0,0,0,0,0,0,0,0,0,0,0,0,0,0,0,0,0,2/2/2021
317,0,0,0,0,0,0,0,0,0,0,0,0,0,0,0,0,0,0,0,2/3/2021
318,0,0,0,0,0,0,0,0,0,0,0,0,0,0,0,0,0,0,0,2/4/2021
319,0,0,0,0,0,0,0,0,0,0,0,0,0,0,0,0,0,0,0,2/5/2021
320,0,0,0,0,0,0,0,0,0,0,0,0,0,0.0625,0,0,0,0,0,2/6/2021
321,0,0,0,0,0,0,0,0,0,0,0,0,0,0.0625,0,0,0,0,0,2/7/2021
322,0,0,0,0,0,0,0,0,0,0,0,0,0,0.375,0,0,0,0,0,2/8/2021
323,0,0,0,0,0,0,0,0,0,0,0,0,0,0.375,0,0,0,0,0,2/9/2021
324,0,0,0,0,0,0,0,0,0,0,0,0,0,0.375,0,0,0,0,0,2/10/2021
325,0,0,0,0,0,0,0,0,0,0,0,0,0,0.28125,0,0,0,0,0,2/11/2021
326,0,0,0,0,0,0,0,0,0,0,0,0,0,0.28125,0,0,0,0,0,2/12/2021
327,0,0,0,0,0,0,0,0,0,0,0,0,0,0.333333333,0,0,0,0,0,2/13/2021
328,0,0,0,0,0,0,0,0,0,0,0,0,0,0.375,0,0,0,0,0,2/14/2021
329,0,0,0,0,0,0,0,0,0,0,0,0,0,0.166666667,0,0,0,0,0,2/15/2021
330,0,0,0,0,0,0,0,0,0,0,0,0,0,0.166666667,0,0,0,0,0,2/16/2021
331,0,0,0,0,0,0,0,0,0,0,0,0,0,0.125,0,0,0,0,0,2/17/2021
332,0,0,0,0,0,0,0,0,0,0,0,0,0,0.166666667,0,0,0,0,0,2/18/2021
333,0,0,0,0,0,0,0,0,0,0,0,0,0,0.166666667,0,0,0,0,0,2/19/2021
334,0,0,0,0,0,0,0,0,0,0,0,0,0,0.291666667,0,0,0,0,0,2/20/2021
335,0,0,0,0,0,0,0,0,0,0,0,0,0,0.25,0,0,0,0,0,2/21/2021
336,0,0,0,0,0,0,0,0,0,0,0,0,0,0.333333333,0,0,0,0,0,2/22/2021
337,0,0,0,0,0,0,0,0,0,0,0,0,0,0.361111111,0,0,0,0,0,2/23/2021
338,0,0,0,0,0,0,0,0,0,0,0,0,0,0.361111111,0,0,0,0,0,2/24/2021
339,0,0,0,0,0,0,0,0,0,0,0,0,0,0.380952381,0,0,0,0,0,2/25/2021
340,0,0,0,0,0,0,0,0,0,0,0,0,0,0.40952381,0,0,0,0,0,2/26/2021
341,0,0,0,0,0,0,0,0,0,0,0,0,0,0.338095238,0,0,0,0,0,2/27/2021
342,0,0,0,0,0,0,0,0,0,0,0,0,0,0.344047619,0,0,0,0,0,2/28/2021
343,0,0,0,0,0,0,0,0,0,0,0,0,0,0.391666667,0,0,0,0,0,3/1/2021
344,0,0,0,0,0,0,0,0,0,0,0,0,0,0.367857143,0,0,0,0,0,3/2/2021
345,0,0,0,0,0,0,0,0,0,0,0,0,0,0.439285714,0,0,0,0,0,3/3/2021
346,0,0,0,0,0,0,0,0,0,0,0,0,0,0.463095238,0,0,0,0,0,3/4/2021
347,0,0,0,0,0,0,0,0,0,0,0,0,0,0.577380952,0,0,0,0,0,3/5/2021
348,0,0,0,0,0,0,0,0,0,0,0,0,0,0.625,0,0,0,0,0,3/6/2021
349,0,0,0,0,0,0,0,0,0,0,0,0,0,0.673469388,0,0,0,0,0,3/7/2021
350,0,0,0,0,0,0,0,0,0,0,0,0,0,0.647495362,0,0,0,0,0,3/8/2021
351,0,0,0,0,0,0,0,0,0,0,0,0,0,0.599876314,0,0,0,0,0,3/9/2021
352,0,0,0,0,0,0,0,0,0,0,0,0,0,0.623685838,0,0,0,0,0,3/10/2021
353,0,0,0,0,0,0,0,0,0.057142857,0,0,0,0,0.528447743,0,0,0,0,0,3/11/2021
354,0,0,0,0,0,0,0,0,0.057142857,0,0,0,0,0.480828695,0,0,0,0,0,3/12/2021
355,0,0,0,0,0,0,0,0,0.071428571,0,0,0,0,0.495114409,0,0,0,0,0,3/13/2021
356,0,0,0,0,0,0,0,0,0.071428571,0,0,0,0,0.50021645,0,0,0,0,0,3/14/2021
357,0,0,0,0,0,0,0,0,0.071428571,0,0,0,0,0.478571429,0,0,0,0,0,3/15/2021
358,0,0,0,0,0,0,0,0,0.071428571,0,0,0,0,0.585714286,0,0,0,0,0,3/16/2021
359,0,0,0,0,0,0,0,0,0.071428571,0,0,0,0,0.633333333,0,0,0,0,0,3/17/2021
360,0,0,0,0,0,0,0,0,0.014285714,0,0,0,0,0.776190476,0,0,0,0,0,3/18/2021
361,0,0,0,0,0,0,0,0,0.03015873,0,0,0,0,0.792063492,0,0,0,0,0,3/19/2021
362,0,0,0,0,0,0,0,0,0.015873016,0,0,0,0,0.801587302,0,0,0,0,0,3/20/2021
363,0,0,0,0,0,0,0,0,0.015873016,0,0,0,0,0.751587302,0,0,0,0,0,3/21/2021
364,0,0,0,0,0,0,0,0,0.015873016,0,0,0,0,0.777228327,0,0,0,0,0,3/22/2021
365,0,0,0,0,0,0,0,0,0.015873016,0,0,0,0,0.812942613,0,0,0,0,0,3/23/2021
366,0,0,0,0,0,0,0,0,0.018518519,0,0,0,0,0.781766382,0,0,0,0,0,3/24/2021
367,0,0,0,0,0,0,0,0,0.018518519,0,0,0,0,0.726210826,0,0,0,0,0,3/25/2021
368,0,0,0,0,0,0,0,0,0,0,0,0,0,0.735470085,0,0,0,0,0,3/26/2021
369,0,0,0,0,0,0,0,0,0,0,0,0,0,0.763247863,0,0,0,0,0,3/27/2021
370,0,0,0,0,0,0,0,0,0.033333333,0,0,0,0,0.82991453,0,0,0,0,0,3/28/2021
371,0,0,0,0,0,0,0,0,0.033333333,0,0,0,0,0.81010101,0,0,0,0,0,3/29/2021
372,0,0,0,0,0,0,0,0,0.075,0,0,0,0,0.768434343,0,0,0,0,0,3/30/2021
373,0,0,0,0,0,0,0,0,0.064285714,0,0,0,0,0.801515152,0,0,0,0,0,3/31/2021
374,0,0,0,0,0,0,0,0,0.207142857,0,0,0,0,0.706277056,0,0,0,0,0,4/1/2021
375,0,0,0,0,0,0,0,0,0.207142857,0,0,0,0,0.73008658,0,0,0,0,0,4/2/2021
376,0,0,0,0,0,0,0,0,0.207142857,0,0,0,0,0.658658009,0,0,0,0,0,4/3/2021
377,0,0,0,0,0,0,0,0,0.178571429,0,0,0,0,0.687229437,0,0,0,0,0,4/4/2021
378,0,0,0,0,0.028571429,0,0,0,0.178571429,0,0,0,0,0.697619048,0,0,0,0,0,4/5/2021
379,0,0,0,0,0.028571429,0,0,0,0.142857143,0,0,0,0,0.704761905,0,0,0,0,0,4/6/2021
380,0,0,0,0,0.028571429,0,0,0,0.142857143,0,0,0,0,0.633333333,0,0,0,0,0,4/7/2021
381,0,0,0,0,0.028571429,0,0,0,0,0,0,0,0,0.776190476,0,0,0,0,0,4/8/2021
382,0,0,0,0,0.028571429,0,0,0.028571429,0,0,0,0,0,0.719047619,0,0,0,0,0,4/9/2021
383,0,0,0,0,0.028571429,0,0,0.028571429,0,0,0,0,0,0.793877551,0,0,0,0,0,4/10/2021
384,0,0,0,0,0.028571429,0,0,0.028571429,0,0,0,0,0,0.793877551,0,0,0,0,0,4/11/2021
385,0,0,0,0,0,0,0,0.028571429,0,0,0,0,0,0.82244898,0,0,0,0,0,4/12/2021
386,0,0,0,0,0,0,0,0.028571429,0,0,0,0,0,0.851020408,0,0,0,0,0,4/13/2021
387,0,0,0,0,0,0,0,0.028571429,0,0,0,0,0,0.92244898,0,0,0,0,0,4/14/2021
388,0,0,0,0,0,0,0,0.028571429,0.035714286,0,0,0,0,0.886734694,0,0,0,0,0,4/15/2021
389,0,0,0,0,0,0,0,0,0.035714286,0,0,0,0,0.860544218,0,0,0,0,0,4/16/2021
390,0,0,0,0,0,0,0,0,0.035714286,0,0,0,0,0.880952381,0,0,0,0,0,4/17/2021
391,0,0,0,0,0,0,0,0,0.035714286,0,0,0,0,0.880952381,0,0,0,0,0,4/18/2021
392,0,0,0,0,0,0,0,0,0.035714286,0,0,0,0,0.880952381,0,0,0,0,0,4/19/2021
393,0,0,0,0,0,0,0,0,0.035714286,0,0,0,0,0.880952381,0,0,0,0,0,4/20/2021
394,0,0,0,0,0,0,0,0,0.035714286,0,0,0,0,0.880952381,0,0,0,0,0,4/21/2021
395,0,0,0,0,0,0,0,0,0,0,0,0,0,0.916666667,0,0,0,0,0,4/22/2021
396,0,0,0,0,0,0,0,0,0,0,0,0,0,0.979591837,0,0,0,0,0,4/23/2021
397,0,0,0,0,0,0,0,0,0,0,0,0,0,0.963718821,0,0,0,0,0,4/24/2021
398,0,0,0,0,0,0,0,0,0,0,0,0,0,0.920861678,0,0,0,0,0,4/25/2021
399,0,0,0,0,0,0,0,0,0,0,0,0,0,0.920861678,0,0,0,0,0,4/26/2021
400,0,0,0,0,0,0,0,0,0,0,0,0,0,0.920861678,0,0,0,0,0,4/27/2021
401,0,0,0,0,0,0,0,0,0,0,0,0,0,0.920861678,0,0,0,0,0,4/28/2021
402,0,0,0,0,0,0,0,0,0,0,0,0,0,0.920861678,0,0,0,0,0,4/29/2021
403,0,0,0,0,0,0,0,0,0,0,0,0,0,0.941269841,0,0,0,0,0,4/30/2021
404,0,0,0,0,0,0,0,0,0,0,0,0,0,0.928571429,0,0,0,0,0,5/1/2021
405,0,0,0,0,0,0,0,0,0,0,0,0,0,0.971428571,0,0,0,0,0,5/2/2021
406,0,0,0,0,0,0,0,0,0,0,0,0,0,0.971428571,0,0,0,0,0,5/3/2021
407,0,0,0,0,0,0,0,0,0,0,0,0,0,0.971428571,0,0,0,0,0,5/4/2021
408,0,0,0,0,0,0,0,0,0,0,0,0,0,0.966666667,0,0,0,0,0,5/5/2021
409,0,0,0,0,0,0,0,0,0,0,0,0,0,0.96,0,0,0,0,0,5/6/2021
410,0,0,0,0,0,0,0,0,0,0,0,0,0,0.96,0,0,0,0,0,5/7/2021
411,0,0,0,0,0,0,0,0,0,0,0,0,0,1,0,0,0,0,0,5/8/2021
412,0,0,0,0,0,0,0,0,0,0,0,0,0,1,0,0,0,0,0,5/9/2021
413,0,0,0,0,0,0,0,0,0,0,0,0,0,1,0,0,0,0,0,5/10/2021
414,0,0,0,0,0,0,0,0,0,0,0,0,0,1,0,0,0,0,0,5/11/2021
415,0,0,0,0,0,0,0,0,0,0,0,0,0,1,0,0,0,0,0,5/12/2021
416,0,0,0,0,0,0,0,0,0,0,0,0,0,1,0,0,0,0,0,5/13/2021
417,0,0,0,0,0,0,0,0,0,0,0,0,0,1,0,0,0,0,0,5/14/2021
418,0,0,0,0,0,0,0,0,0,0,0,0,0,1,0,0,0,0,0,5/15/2021
419,0,0,0,0,0,0,0,0,0,0,0,0,0,1,0,0,0,0,0,5/16/2021
420,0,0,0,0,0,0,0,0,0,0,0,0,0,1,0,0,0,0,0,5/17/2021
421,0,0,0,0,0,0,0,0,0,0,0,0,0,1,0,0,0,0,0,5/18/2021
422,0,0,0,0,0,0,0,0,0,0,0,0,0,1,0,0,0,0,0,5/19/2021
423,0,0,0,0,0,0,0,0,0,0,0,0,0,0.944444444,0,0,0,0,0,5/20/2021
424,0,0,0,0,0.055555556,0,0,0,0.055555556,0,0,0,0,0.888888889,0,0,0,0,0,5/21/2021
425,0,0,0,0,0.066666667,0,0,0,0.066666667,0,0,0,0,0.866666667,0,0,0,0,0,5/22/2021
426,0,0,0,0,0.066666667,0,0,0,0.066666667,0,0,0,0,0.866666667,0,0,0,0,0,5/23/2021
427,0,0,0,0,0.083333333,0,0,0,0.083333333,0,0,0,0,0.833333333,0,0,0,0,0,5/24/2021
428,0,0,0,0,0.111111111,0,0,0,0.111111111,0,0,0,0,0.777777778,0,0,0,0,0,5/25/2021
429,0,0,0,0,0.111111111,0,0,0,0.111111111,0,0,0,0,0.777777778,0,0,0,0,0,5/26/2021
430,0,0,0,0,0.166666667,0,0,0,0.166666667,0,0,0,0,0.833333333,0,0,0,0,0,5/27/2021
431,0,0,0,0,0,0,0,0,0,0,0,0,0,1,0,0,0,0,0,5/28/2021
432,0,0,0,0,0,0,0,0,0,0,0,0,0,1,0,0,0,0,0,5/29/2021
433,NA,NA,NA,NA,NA,NA,NA,NA,NA,NA,NA,NA,NA,NA,NA,NA,NA,NA,NA,5/30/2021
434,0,0,0,0,0,0,0,0,0,0,0,0,0,1,0,0,0,0,0,5/31/2021
435,0,0,0,0,0,0,0,0,0,0,0,0,0,1,0,0,0,0,0,6/1/2021
436,0,0,0,0,0,0,0,0,0,0,0,0,0,1,0,0,0,0,0,6/2/2021
437,0,0,0,0,0,0,0,0,0,0,0,0,0,1,0,0,0,0,0,6/3/2021
438,0,0,0,0,0,0,0,0,0.25,0,0,0,0,0.75,0,0,0,0,0,6/4/2021
439,0,0,0,0,0,0,0,0,0.458333333,0,0,0,0,0.541666667,0,0,0,0,0,6/5/2021
440,0,0,0,0,0,0,0,0,0.458333333,0,0,0,0,0.541666667,0,0,0,0,0,6/6/2021
441,0,0,0,0,0,0,0,0,0.6875,0,0,0,0,0.3125,0,0,0,0,0,6/7/2021
442,0,0,0,0,0,0,0,0,0.791666667,0,0,0,0,0.208333333,0,0,0,0,0,6/8/2021
443,0,0,0,0,0,0,0,0,0.791666667,0,0,0,0,0.208333333,0,0,0,0,0,6/9/2021
444,0,0,0,0,0,0,0,0,0.791666667,0,0,0,0,0.208333333,0,0,0,0,0,6/10/2021
445,0,0,0,0,0,0,0,0,0.625,0,0,0,0,0.375,0,0,0,0,0,6/11/2021
446,0,0,0,0,0,0,0,0,0.5,0,0,0,0,0.5,0,0,0,0,0,6/12/2021
447,0,0,0,0,0,0,0,0,0.666666667,0,0,0,0,0.333333333,0,0,0,0,0,6/13/2021
448,0,0,0,0,0,0,0,0,0.666666667,0,0,0,0,0.333333333,0,0,0,0,0,6/14/2021
449,0,0,0,0,0,0,0,0,0.666666667,0,0,0,0,0.333333333,0,0,0,0,0,6/15/2021
450,0,0,0,0,0,0,0,0,0.666666667,0,0,0,0,0.333333333,0,0,0,0,0,6/16/2021
451,0,0,0,0,0,0,0,0,0.666666667,0,0,0,0,0.333333333,0,0,0,0,0,6/17/2021
452,0,0,0,0,0,0,0,0,0.916666667,0,0,0,0,0.083333333,0,0,0,0,0,6/18/2021
453,0,0,0,0,0,0,0,0,0.875,0,0.0625,0,0,0.125,0,0,0,0,0,6/19/2021
454,0,0,0,0,0,0,0,0,0.875,0,0.0625,0,0,0.125,0,0,0,0,0,6/20/2021
455,0,0,0,0,0,0,0,0,0.85,0,0.05,0,0,0.15,0,0,0,0,0,6/21/2021
456,0,0,0,0,0,0,0,0,0.85,0,0.05,0,0,0.15,0,0,0,0,0,6/22/2021
457,0,0,0,0,0,0,0,0,0.875,0,0.041666667,0,0,0.125,0,0,0,0,0,6/23/2021
458,0,0,0,0,0,0,0,0,0.875,0,0.041666667,0,0,0.125,0,0,0,0,0,6/24/2021
459,0,0,0,0,0,0,0,0,0.916666667,0,0.041666667,0,0,0.083333333,0,0,0,0,0,6/25/2021
460,0,0,0,0,0,0,0,0,0.791666667,0,0,0,0,0.041666667,0,0,0,0,0,6/26/2021
461,0,0,0,0,0,0,0,0,0.791666667,0,0,0,0,0.041666667,0,0,0,0,0,6/27/2021
462,0,0,0,0,0,0,0,0,0.777777778,0,0,0,0,0.055555556,0,0,0,0,0,6/28/2021
463,0,0,0,0,0,0,0,0,0.736111111,0,0,0,0,0.097222222,0,0,0,0,0,6/29/2021
464,0,0,0,0,0,0,0,0,0.683333333,0,0,0,0,0.116666667,0,0,0,0,0,6/30/2021
465,0,0,0,0,0,0,0,0,0.683333333,0,0,0,0,0.116666667,0,0,0,0,0,7/1/2021
466,0,0,0,0,0,0,0,0,0.604166667,0,0,0,0,0.145833333,0,0,0,0,0,7/2/2021
467,0,0,0,0,0,0,0,0,0.770833333,0,0,0,0,0.229166667,0,0,0,0,0,7/3/2021
468,0,0,0,0,0,0,0,0,0.770833333,0,0,0,0,0.229166667,0,0,0,0,0,7/4/2021
469,0,0,0,0,0,0,0,0,0.854166667,0,0,0,0,0.145833333,0,0,0,0,0,7/5/2021
470,0,0,0,0,0,0,0,0,0.916666667,0,0,0,0,0.083333333,0,0,0,0,0,7/6/2021
471,0,0,0,0,0,0,0,0,0.916666667,0,0,0,0,0.083333333,0,0,0,0,0,7/7/2021
472,0,0,0,0,0,0,0,0,0.933333333,0,0,0,0,0.066666667,0,0,0,0,0,7/8/2021
473,0,0,0,0,0,0,0,0,0.944444444,0,0,0,0,0.055555556,0,0,0,0,0,7/9/2021
474,0,0,0,0,0,0,0,0,1,0,0,0,0,0,0,0,0,0,0,7/10/2021
475,0,0,0,0,0,0,0,0,1,0,0,0,0,0,0,0,0,0,0,7/11/2021
476,0,0,0,0,0,0,0,0,1,0,0,0,0,0,0,0,0,0,0,7/12/2021
477,0,0,0,0,0,0,0,0,1,0,0,0,0,0,0,0,0,0,0,7/13/2021
478,0,0,0,0,0,0,0,0,1,0,0,0,0,0,0,0,0,0,0,7/14/2021
479,0,0,0,0,0,0,0,0,1,0,0,0,0,0,0,0,0,0,0,7/15/2021
480,0,0,0,0,0,0,0,0,1,0,0,0,0,0,0,0,0,0,0,7/16/2021
481,0,0,0,0,0,0,0,0,1,0,0,0,0,0,0,0,0,0,0,7/17/2021
482,0,0,0,0,0,0,0,0,1,0,0,0,0,0,0,0,0,0,0,7/18/2021
483,0,0,0,0,0,0,0,0,1,0,0,0,0,0,0,0,0,0,0,7/19/2021
484,0.011904762,0,0,0,0,0,0,0,1,0,0,0,0,0,0,0,0,0,0,7/20/2021
485,0.011904762,0,0,0,0,0,0,0,1,0,0,0,0,0,0,0,0,0,0,7/21/2021
486,0.011904762,0,0,0,0,0,0,0,1,0,0,0,0,0,0,0,0,0,0,7/22/2021
487,0.011904762,0,0,0,0,0,0,0,1,0,0,0,0,0,0,0,0,0,0,7/23/2021
488,0.011904762,0,0,0,0,0,0,0,0.988095238,0,0,0,0,0.011904762,0,0,0,0,0,7/24/2021
489,0.011904762,0,0,0,0,0,0,0,0.988095238,0,0,0,0,0.011904762,0,0,0,0,0,7/25/2021
490,0.011904762,0,0,0,0,0,0,0,0.988095238,0,0,0,0,0.011904762,0,0,0,0,0,7/26/2021
491,0,0,0,0,0,0,0,0,0.988095238,0,0,0,0,0.011904762,0,0,0,0,0,7/27/2021
492,0,0,0,0,0,0,0,0,0.986111111,0,0,0,0,0.013888889,0,0,0,0,0,7/28/2021
493,0,0,0,0,0,0,0,0,0.986111111,0,0,0,0,0.013888889,0,0,0,0,0,7/29/2021
494,0,0,0,0,0,0,0,0,0.986111111,0,0,0,0,0.013888889,0,0,0,0,0,7/30/2021
495,0,0,0,0,0,0,0,0,1,0,0,0,0,0,0,0,0,0,0,7/31/2021
496,0,0,0,0,0,0,0,0,1,0,0,0,0,0,0,0,0,0,0,8/1/2021
497,0,0,0,0,0,0,0,0,1,0,0,0,0,0,0,0,0,0,0,8/2/2021
498,0,0,0,0,0,0,0,0,1,0,0,0,0,0,0,0,0,0,0,8/3/2021
499,0,0,0,0,0,0,0,0,1,0,0,0,0,0,0,0,0,0,0,8/4/2021
500,0,0,0,0,0,0,0,0,0.979591837,0,0,0,0,0.020408163,0,0,0,0,0,8/5/2021
501,0,0,0,0,0,0,0,0,0.979591837,0,0,0,0,0.020408163,0,0,0,0,0,8/6/2021
502,0,0,0,0,0,0,0,0,0.979591837,0,0,0,0,0.020408163,0,0,0,0,0,8/7/2021
503,0,0,0,0,0,0,0,0,0.979591837,0,0,0,0,0.020408163,0,0,0,0,0,8/8/2021
504,0,0,0,0,0,0,0,0,0.979591837,0,0,0,0,0.020408163,0,0,0,0,0,8/9/2021
505,0,0,0,0,0,0,0,0,0.963718821,0,0,0,0,0.020408163,0,0,0,0,0,8/10/2021
506,0,0,0,0,0,0,0,0,0.963718821,0,0,0,0,0.020408163,0,0,0,0,0,8/11/2021
507,0,0,0,0,0,0,0,0,0.984126984,0,0,0,0,0,0,0,0,0,0,8/12/2021
508,0,0,0,0,0,0,0,0,0.984126984,0,0,0,0,0,0,0,0,0,0,8/13/2021
509,0,0,0,0,0,0,0,0,0.984126984,0,0,0,0,0,0,0,0,0,0,8/14/2021
510,0,0,0,0,0,0,0,0,0.984126984,0,0,0,0,0,0,0,0,0,0,8/15/2021
511,0,0,0,0,0,0,0,0,0.984126984,0,0,0,0,0,0,0,0,0,0,8/16/2021
512,0,0,0,0,0,0,0,0,1,0,0,0,0,0,0,0,0,0,0,8/17/2021
513,0,0,0,0,0,0,0,0,1,0,0,0,0,0,0,0,0,0,0,8/18/2021
514,0,0,0,0,0,0,0,0,1,0,0,0,0,0,0,0,0,0,0,8/19/2021
515,0,0,0,0,0,0,0,0,1,0,0,0,0,0,0,0,0,0,0,8/20/2021
516,0,0,0,0,0,0,0,0,0.990196078,0,0,0,0,0,0,0,0,0,0,8/21/2021
517,0,0,0,0,0,0,0,0,0.990196078,0,0,0,0,0,0,0,0,0,0,8/22/2021
518,0,0,0,0,0.005050505,0,0,0,0.985145573,0,0,0,0,0,0,0,0,0,0,8/23/2021
519,0,0,0,0,0.005050505,0,0,0,0.985145573,0,0,0,0,0,0,0,0,0,0,8/24/2021
520,0,0,0,0,0.005050505,0,0,0,0.985145573,0,0,0,0,0,0,0,0,0,0,8/25/2021
521,0,0,0,0,0.004329004,0,0,0,0.987267634,0,0,0,0,0,0,0,0,0,0,8/26/2021
522,0,0,0,0,0.004329004,0,0,0,0.987267634,0,0,0,0,0,0,0,0,0,0,8/27/2021
523,0,0,0,0,0.004329004,0,0,0,0.995670996,0,0,0,0,0,0,0,0,0,0,8/28/2021
524,0,0,0,0,0.004329004,0,0,0,0.995670996,0,0,0,0,0,0,0,0,0,0,8/29/2021
525,0,0,0,0,0,0,0,0,0.993197279,0,0,0,0,0,0,0,0,0,0,8/30/2021
526,0,0,0,0,0,0,0,0,0.993197279,0,0,0,0,0,0,0,0,0,0,8/31/2021
527,0,0,0,0,0,0,0,0,0.993197279,0,0,0,0,0,0,0,0,0,0,9/1/2021
528,0,0,0,0,0,0,0,0,0.993197279,0,0,0,0,0,0,0,0,0,0,9/2/2021
529,0,0,0,0,0,0,0,0,0.993197279,0,0,0,0,0,0,0,0,0,0,9/3/2021
530,0,0,0,0,0,0,0,0,0.993197279,0,0,0,0,0,0,0,0,0,0,9/4/2021
531,0,0,0,0,0,0,0,0,0.988435374,0,0,0,0,0,0,0,0,0,0,9/5/2021
532,0,0,0,0,0.010204082,0,0,0,0.985034014,0,0,0,0,0,0,0,0,0,0,9/6/2021
533,0,0,0,0,0.019132653,0,0,0,0.985034014,0,0,0,0,0,0,0,0,0,0,9/7/2021
534,0,0,0,0,0.030121664,0,0,0,0.985034014,0,0,0,0,0,0,0,0,0,0,9/8/2021
535,0,0,0,0,0.030121664,0,0,0,0.985034014,0,0,0,0,0,0,0,0,0,0,9/9/2021
536,0,0,0,0,0.030121664,0,0,0,0.985034014,0,0,0,0,0,0,0,0,0,0,9/10/2021
537,0,0,0,0,0.030121664,0,0,0,0.972047001,0,0,0,0,0,0,0,0,0,0,9/11/2021
538,0,0,0,0,0.030121664,0,0,0,0.976808905,0,0,0,0,0,0,0,0,0,0,9/12/2021
539,0,0,0,0,0.019917582,0,0,0,0.987012987,0,0,0,0,0,0,0,0,0,0,9/13/2021
540,0,0,0,0,0.010989011,0,0,0,0.987012987,0,0,0,0,0,0,0,0,0,0,9/14/2021
541,0,0,0,0,0,0,0,0,0.987012987,0,0,0,0,0,0,0,0,0,0,9/15/2021
542,0,0,0,0,0,0,0,0,0.987012987,0,0,0,0,0,0,0,0,0,0,9/16/2021
543,0,0,0,0,0,0,0,0,0.987012987,0,0,0,0,0,0,0,0,0,0,9/17/2021
544,0,0,0,0,0,0,0,0,1,0,0,0,0,0,0,0,0,0,0,9/18/2021
545,0,0,0,0,0,0,0,0,1,0,0,0,0,0,0,0,0,0,0,9/19/2021
546,0,0,0,0,0,0,0,0,1,0,0,0,0,0,0,0,0,0,0,9/20/2021
547,0,0,0,0,0,0,0,0,1,0,0,0,0,0,0,0,0,0,0,9/21/2021
548,0,0,0,0,0,0,0,0,0.985714286,0,0,0,0,0,0,0,0,0,0,9/22/2021
549,0,0,0,0,0,0,0,0,0.985714286,0,0,0,0,0,0,0,0,0,0,9/23/2021
550,0,0,0,0,0,0,0,0,0.985714286,0,0,0,0,0,0,0,0,0,0,9/24/2021
551,0,0,0,0,0,0,0,0,0.985714286,0,0,0,0,0,0,0,0,0,0,9/25/2021
552,0,0,0,0,0,0,0,0,0.985714286,0,0,0,0,0,0,0,0,0,0,9/26/2021
553,0,0,0,0,0,0,0,0,0.95,0,0,0,0,0,0,0,0,0,0,9/27/2021
554,0,0,0,0,0,0,0,0,0.95,0,0,0,0,0,0,0,0,0,0,9/28/2021
555,0,0,0,0,0,0,0,0,0.964285714,0,0,0,0,0,0,0,0,0,0,9/29/2021
556,0,0,0,0,0,0,0,0,0.964285714,0,0,0,0,0,0,0,0,0,0,9/30/2021
557,0,0,0,0,0,0,0,0,0.964285714,0,0,0,0,0,0,0,0,0,0,10/1/2021
558,0,0,0,0,0,0,0,0,0.964285714,0,0,0,0,0,0,0,0,0,0,10/2/2021
559,0,0,0,0,0,0,0,0,0.964285714,0,0,0,0,0,0,0,0,0,0,10/3/2021
560,0,0,0,0,0,0,0,0,1,0,0,0,0,0,0,0,0,0,0,10/4/2021
561,0,0,0,0,0,0,0,0,1,0,0,0,0,0,0,0,0,0,0,10/5/2021
562,0,0,0,0,0,0,0,0,1,0,0,0,0,0,0,0,0,0,0,10/6/2021
563,0,0,0,0,0,0,0,0,1,0,0,0,0,0,0,0,0,0,0,10/7/2021
564,0,0,0,0,0,0,0,0,1,0,0,0,0,0,0,0,0,0,0,10/8/2021
565,0,0,0,0,0,0,0,0,1,0,0,0,0,0,0,0,0,0,0,10/9/2021
566,0,0,0,0,0,0,0,0,1,0,0,0,0,0,0,0,0,0,0,10/10/2021
567,0,0,0,0,0,0,0,0,1,0,0,0,0,0,0,0,0,0,0,10/11/2021
568,0,0,0,0,0,0,0,0,0.987012987,0,0,0,0,0,0,0,0,0,0,10/12/2021
569,0,0,0,0,0,0,0,0,0.987012987,0,0,0,0,0,0,0,0,0,0,10/13/2021
570,0,0,0,0,0,0,0,0,0.987012987,0,0,0,0,0,0,0,0,0,0,10/14/2021
571,0,0,0,0,0,0,0,0,0.987012987,0,0,0,0,0,0,0,0,0,0,10/15/2021
572,0,0,0,0,0,0,0,0,0.987012987,0,0,0,0,0,0,0,0,0,0,10/16/2021
573,0,0,0,0,0,0,0,0,0.987012987,0,0,0,0,0,0,0,0,0,0,10/17/2021
574,0,0,0,0,0,0,0,0,0.987012987,0,0,0,0,0,0,0,0,0,0,10/18/2021
575,0,0,0,0,0,0,0,0,1,0,0,0,0,0,0,0,0,0,0,10/19/2021
576,0,0,0,0,0,0,0,0,1,0,0,0,0,0,0,0,0,0,0,10/20/2021
577,0,0,0,0,0,0,0,0,1,0,0,0,0,0,0,0,0,0,0,10/21/2021
578,0,0,0,0,0,0,0,0,1,0,0,0,0,0,0,0,0,0,0,10/22/2021
579,0,0,0,0,0,0,0,0,1,0,0,0,0,0,0,0,0,0,0,10/23/2021
580,0,0,0,0,0,0,0,0,1,0,0,0,0,0,0,0,0,0,0,10/24/2021
581,0,0,0,0,0,0,0,0,1,0,0,0,0,0,0,0,0,0,0,10/25/2021
582,0,0,0,0,0,0,0,0,1,0,0,0,0,0,0,0,0,0,0,10/26/2021
583,0,0,0,0,0,0,0,0,1,0,0,0,0,0,0,0,0,0,0,10/27/2021
584,0,0,0,0,0,0,0,0,1,0,0,0,0,0,0,0,0,0,0,10/28/2021
585,0,0,0,0,0,0,0,0,1,0,0,0,0,0,0,0,0,0,0,10/29/2021
586,0,0,0,0,0,0,0,0,1,0,0,0,0,0,0,0,0,0,0,10/30/2021
587,0,0,0,0,0,0,0,0,1,0,0,0,0,0,0,0,0,0,0,10/31/2021
588,0,0,0,0,0,0,0,0,1,0,0,0,0,0,0,0,0,0,0,11/1/2021
589,0,0,0,0,0,0,0,0,1,0,0,0,0,0,0,0,0,0,0,11/2/2021
590,0,0,0,0,0,0,0,0,1,0,0,0,0,0,0,0,0,0,0,11/3/2021
591,0,0,0,0,0,0,0,0,0.989010989,0,0,0,0,0,0,0,0,0,0,11/4/2021
592,0,0,0,0,0,0,0,0,0.989010989,0,0,0,0,0,0,0,0,0,0,11/5/2021
593,0,0,0,0,0,0,0,0,0.989010989,0,0,0,0,0,0,0,0,0,0,11/6/2021
594,0,0,0,0,0,0,0,0,0.989010989,0,0,0,0,0,0,0,0,0,0,11/7/2021
595,0,0,0,0,0,0,0,0,0.989010989,0,0,0,0,0,0,0,0,0,0,11/8/2021
596,0,0,0,0,0,0,0,0,0.989010989,0,0,0,0,0,0,0,0,0,0,11/9/2021
597,0,0,0,0,0,0,0,0,0.989010989,0,0,0,0,0,0,0,0,0,0,11/10/2021
598,0,0,0,0,0,0,0,0,1,0,0,0,0,0,0,0,0,0,0,11/11/2021
599,0,0,0,0,0,0,0,0,1,0,0,0,0,0,0,0,0,0,0,11/12/2021
600,0,0,0,0,0,0,0,0,1,0,0,0,0,0,0,0,0,0,0,11/13/2021
601,0,0,0,0,0,0,0,0,1,0,0,0,0,0,0,0,0,0,0,11/14/2021
602,0,0,0,0,0,0,0,0,1,0.006802721,0,0,0,0,0,0,0,0,0,11/15/2021
603,0,0,0,0,0,0,0,0,1,0.006802721,0,0,0,0,0,0,0,0,0,11/16/2021
604,0,0,0,0,0,0,0,0,1,0.006802721,0,0,0,0,0,0,0,0,0,11/17/2021
605,0,0,0,0,0,0,0,0,1,0.006802721,0,0,0,0,0,0,0,0,0,11/18/2021
606,0,0,0,0,0,0,0,0,1,0.006802721,0,0,0,0,0,0,0,0,0,11/19/2021
607,0,0,0,0,0,0,0,0,1,0.006802721,0,0,0,0,0,0,0,0,0,11/20/2021
608,0,0,0,0,0,0,0,0,1,0.006802721,0,0,0,0,0,0,0,0,0,11/21/2021
609,0,0,0,0,0,0,0,0,1,0,0,0,0,0,0,0,0,0,0,11/22/2021
610,0,0,0,0,0,0,0,0,1,0,0,0,0,0,0,0,0,0,0,11/23/2021
611,0,0,0,0,0,0,0,0,1,0,0,0,0,0,0,0,0,0,0,11/24/2021
612,0,0,0,0,0,0,0,0,1,0,0,0,0,0,0,0,0,0,0,11/25/2021
613,0,0,0,0,0,0,0,0,1,0,0,0,0,0,0,0,0,0,0,11/26/2021
614,0,0,0,0,0,0,0,0,1,0,0,0,0,0,0,0,0,0,0,11/27/2021
615,0,0,0,0,0,0,0,0,1,0,0,0,0,0,0,0,0,0,0,11/28/2021
616,0,0,0,0,0,0,0,0,1,0,0,0,0,0,0,0,0,0,0,11/29/2021
617,0,0,0,0,0,0,0,0,1,0,0,0,0,0,0,0,0,0,0,11/30/2021
618,0,0,0,0,0,0,0,0,1,0,0,0,0,0,0,0,0,0,0,12/1/2021
619,0,0,0,0,0,0,0,0,1,0,0,0,0,0,0,0,0,0,0,12/2/2021
620,0,0,0,0,0,0,0,0,1,0,0,0,0,0,0,0,0,0,0,12/3/2021
621,0,0,0,0,0,0,0,0,1,0,0,0,0,0,0,0,0,0,0,12/4/2021
622,0,0,0,0,0,0,0,0,1,0,0,0,0,0,0,0,0,0,0,12/5/2021
623,0,0,0,0,0,0,0,0,1,0,0,0,0,0,0,0,0,0,0,12/6/2021
624,0.006802721,0.006802721,0.006802721,0.006802721,0.006802721,0.006802721,0.006802721,0.006802721,1,0,0,0,0,0,0,0,0,0,0,12/7/2021
625,0.006802721,0.006802721,0.006802721,0.006802721,0.006802721,0.006802721,0.006802721,0.006802721,1,0,0,0,0,0,0,0,0,0,0,12/8/2021
626,0.006802721,0.006802721,0.006802721,0.006802721,0.006802721,0.006802721,0.006802721,0.006802721,1,0,0,0,0,0,0,0,0,0,0,12/9/2021
627,0.006802721,0.006802721,0.006802721,0.006802721,0.006802721,0.006802721,0.006802721,0.006802721,1,0,0,0,0,0,0,0,0,0,0,12/10/2021
628,0.006802721,0.006802721,0.006802721,0.006802721,0.006802721,0.006802721,0.006802721,0.006802721,1,0,0,0,0,0,0,0,0,0,0,12/11/2021
629,0.013605442,0.013605442,0.013605442,0.013605442,0.013605442,0.013605442,0.013605442,0.013605442,1,0.006802721,0.006802721,0.006802721,0.006802721,0.006802721,0.006802721,0,0,0,0,12/12/2021
630,0.031462585,0.031462585,0.031462585,0.031462585,0.019557823,0.019557823,0.019557823,0.025510204,0.994047619,0.018707483,0.018707483,0.018707483,0.018707483,0.018707483,0.018707483,0,0,0,0,12/13/2021
631,0.038945578,0.038945578,0.038945578,0.038945578,0.027040816,0.027040816,0.027040816,0.032993197,0.994047619,0.032993197,0.032993197,0.032993197,0.032993197,0.032993197,0.032993197,0,0,0,0,12/14/2021
632,0.064919604,0.064919604,0.064919604,0.064919604,0.040027829,0.040027829,0.040027829,0.04598021,0.981060606,0.04598021,0.04598021,0.058967223,0.058967223,0.058967223,0.058967223,0,0,0,0,12/15/2021
633,0.094994792,0.094994792,0.094994792,0.094994792,0.070103017,0.070103017,0.070103017,0.076055398,0.981060606,0.076055398,0.076055398,0.089042411,0.089042411,0.089042411,0.089042411,0,0,0,0,12/16/2021
634,0.111801515,0.111801515,0.111801515,0.111801515,0.078506379,0.082708059,0.082708059,0.092862121,0.981060606,0.092862121,0.092862121,0.105849134,0.105849134,0.105849134,0.101647453,0,0,0,0,12/17/2021
635,0.15613649,0.15613649,0.15613649,0.15613649,0.117915246,0.127043035,0.127043035,0.137197096,0.981060606,0.137197096,0.137197096,0.150184109,0.150184109,0.150184109,0.145982429,0,0,0,0,12/18/2021
636,0.233077612,0.233077612,0.233077612,0.233077612,0.175151933,0.189205831,0.194131939,0.209212109,0.971208389,0.214138218,0.214138218,0.227125231,0.227125231,0.227125231,0.22292355,0,0,0,0,12/19/2021
637,0.300934754,0.300934754,0.300934754,0.300934754,0.212056695,0.240396307,0.245322415,0.283021633,0.962875056,0.273662027,0.273662027,0.28664904,0.28664904,0.28664904,0.282447359,0,0,0,0,12/20/2021
638,0.33442388,0.33442388,0.33442388,0.33442388,0.230732811,0.263795692,0.269542818,0.313525239,0.956687565,0.302605698,0.302605698,0.317757213,0.317757213,0.317757213,0.312855253,0,0,0,0,12/21/2021
639,0.36494502,0.36494502,0.36494502,0.36494502,0.258697555,0.298373012,0.305269563,0.358048468,0.966206897,0.34494502,0.34494502,0.34494502,0.34494502,0.34494502,0.339062667,0,0,0,0,12/22/2021
640,0.45617309,0.45617309,0.45617309,0.45617309,0.316592292,0.356267748,0.3631643,0.449276538,0.966206897,0.43617309,0.43617309,0.43617309,0.43617309,0.43617309,0.430290737,0,0,0,0,12/23/2021
641,0.549310345,0.549310345,0.549310345,0.549310345,0.404827586,0.43862069,0.445517241,0.53408046,0.957873563,0.520977011,0.512643678,0.512643678,0.512643678,0.512643678,0.504310345,0,0,0,0,12/24/2021
642,0.618820327,0.613557169,0.618820327,0.618820327,0.465444646,0.497604356,0.49923775,0.593064126,0.947347247,0.579960678,0.571627344,0.571627344,0.571627344,0.571627344,0.563294011,0,0,0,0,12/25/2021
643,0.645764994,0.640501836,0.645764994,0.645764994,0.478115055,0.517331701,0.521370869,0.612951856,0.928582211,0.588300694,0.584618523,0.584618523,0.584618523,0.584618523,0.57628519,0,0,0,0,12/26/2021
644,0.691282235,0.686019077,0.691282235,0.691282235,0.521563331,0.547676529,0.558612248,0.630882891,0.907202901,0.605542073,0.608756454,0.608756454,0.608756454,0.608756454,0.600423121,0,0,0,0,12/27/2021
645,0.576068529,0.571682564,0.576068529,0.576068529,0.434636109,0.456397107,0.465510207,0.525735742,0.922669084,0.504618394,0.507297045,0.507297045,0.507297045,0.507297045,0.500352601,0,0,0,0,12/28/2021
646,0.636630168,0.63287077,0.636630168,0.636630168,0.433769726,0.472830174,0.480641402,0.593487779,0.933716358,0.575387195,0.577683181,0.577683181,0.577683181,0.577683181,0.571730801,0,0,0,0,12/29/2021
647,0.643432889,0.639673491,0.643432889,0.643432889,0.464381971,0.503442419,0.511253647,0.6002905,0.933716358,0.582189916,0.584485903,0.584485903,0.584485903,0.584485903,0.578533522,0,0,0,0,12/30/2021
648,0.669989666,0.666230267,0.669989666,0.669989666,0.474272081,0.517728133,0.525539361,0.626206251,0.933075332,0.608105667,0.618551837,0.618551837,0.618551837,0.618551837,0.618551837,0,0,0,0,12/31/2021
649,0.699814227,0.699814227,0.699814227,0.699814227,0.483628806,0.52332546,0.52854688,0.66354961,0.940594129,0.645449025,0.655895195,0.655895195,0.655895195,0.655895195,0.655895195,0,0,0,0,1/1/2022
650,0.739681337,0.739681337,0.739681337,0.739681337,0.553396248,0.579366726,0.577943628,0.713383497,0.963849943,0.698605172,0.705729082,0.701969684,0.701969684,0.701969684,0.701969684,0,0,0,0,1/2/2022
651,0.75565387,0.75565387,0.75565387,0.75565387,0.600716744,0.621761113,0.615411906,0.749060463,0.993406593,0.749060463,0.751258266,0.747498867,0.747498867,0.747498867,0.747498867,0,0,0,0,1/3/2022
652,0.898511013,0.88170429,0.88170429,0.88170429,0.70155708,0.739408172,0.733058965,0.891917606,0.993406593,0.891917606,0.894115408,0.89035601,0.89035601,0.89035601,0.89035601,0,0,0,0,1/4/2022
653,0.882637997,0.865831274,0.865831274,0.865831274,0.767316717,0.784759645,0.778410439,0.87604459,0.993406593,0.87604459,0.878242393,0.874482994,0.874482994,0.874482994,0.874482994,0,0,0,0,1/5/2022
654,0.90304616,0.886239437,0.886239437,0.886239437,0.78772488,0.805167809,0.798818602,0.896452754,0.993406593,0.896452754,0.898650556,0.894891157,0.894891157,0.894891157,0.894891157,0,0,0,0,1/6/2022
655,0.927771435,0.910964712,0.910964712,0.910964712,0.830032572,0.845827149,0.839477943,0.927771435,0.997252747,0.927771435,0.927771435,0.924012036,0.924012036,0.924012036,0.924012036,0,0,0,0,1/7/2022
656,0.946819054,0.90858376,0.90858376,0.90858376,0.83796908,0.875192229,0.875192229,0.939676197,0.99010989,0.939676197,0.939676197,0.935916798,0.935916798,0.935916798,0.935916798,0,0,0,0,1/8/2022
657,0.936237043,0.892710744,0.892710744,0.892710744,0.800932043,0.84191459,0.84191459,0.923803181,0.984818885,0.923803181,0.929094186,0.929094186,0.929094186,0.929094186,0.929094186,0,0,0,0,1/9/2022
658,0.936958544,0.893432245,0.893432245,0.893432245,0.782894525,0.823877072,0.823877072,0.908651666,0.976882377,0.916588174,0.929815687,0.929815687,0.929815687,0.929815687,0.929815687,0,0,0,0,1/10/2022
659,0.936958544,0.910238967,0.910238967,0.910238967,0.815982761,0.840158585,0.840158585,0.899723094,0.967953805,0.907659602,0.929815687,0.929815687,0.929815687,0.929815687,0.929815687,0,0,0,0,1/11/2022
660,0.941842549,0.904133961,0.904133961,0.904133961,0.809877755,0.84504259,0.84504259,0.904607099,0.967953805,0.912543607,0.934699692,0.934699692,0.934699692,0.934699692,0.934699692,0,0,0,0,1/12/2022
661,0.962250712,0.924542125,0.924542125,0.924542125,0.806476394,0.841641229,0.841641229,0.917078755,0.960017298,0.925015263,0.947171347,0.947171347,0.947171347,0.947171347,0.947171347,0,0,0,0,1/13/2022
662,0.966829467,0.925457875,0.925457875,0.925457875,0.79274013,0.83248372,0.836146724,0.914331502,0.955438543,0.914942002,0.940761091,0.940761091,0.940761091,0.940761091,0.940761091,0,0,0,0,1/14/2022
663,0.963070068,0.943127048,0.943127048,0.943127048,0.798003288,0.816318306,0.823740709,0.898917968,0.943784408,0.899528469,0.944144549,0.944144549,0.944144549,0.944144549,0.944144549,0,0,0,0,1/15/2022
664,0.965488814,0.946755166,0.946755166,0.946755166,0.802387264,0.824783915,0.832206317,0.898464453,0.940912148,0.899074954,0.938400029,0.938400029,0.938400029,0.938400029,0.938400029,0,0,0,0,1/16/2022
665,0.973425322,0.954691674,0.954691674,0.954691674,0.802069804,0.835895026,0.843317428,0.922273977,0.94313437,0.903519398,0.934907966,0.934907966,0.934907966,0.934907966,0.934907966,0,0,0,0,1/17/2022
666,0.973425322,0.954691674,0.954691674,0.954691674,0.769331708,0.821014074,0.822484095,0.931202548,0.952062941,0.91244797,0.934907966,0.934907966,0.934907966,0.934907966,0.934907966,0,0,0,0,1/18/2022
667,0.984414333,0.948098268,0.948098268,0.948098268,0.719881159,0.803431656,0.804901677,0.913620131,0.923491513,0.894865552,0.931611263,0.931611263,0.931611263,0.931611263,0.931611263,0,0,0,0,1/19/2022
668,0.984414333,0.948098268,0.948098268,0.948098268,0.715119254,0.798669751,0.800139773,0.921556639,0.931428021,0.90280206,0.939547771,0.939547771,0.939547771,0.939547771,0.939547771,0,0,0,0,1/20/2022
669,0.984109082,0.951456021,0.951456021,0.951456021,0.740149779,0.816374269,0.814181287,0.928577396,0.938754028,0.917148824,0.950231531,0.950231531,0.950231531,0.950231531,0.950231531,0,0,0,0,1/21/2022
670,0.987868481,0.95521542,0.95521542,0.95521542,0.774342404,0.847165533,0.844614512,0.951133787,0.95755102,0.939705215,0.95399093,0.95399093,0.95399093,0.95399093,0.95399093,0,0,0,0,1/22/2022
671,0.992630385,0.964058957,0.964058957,0.964058957,0.766179138,0.838321995,0.835770975,0.953854875,0.955510204,0.942426304,0.963514739,0.963514739,0.963514739,0.963514739,0.963514739,0,0,0,0,1/23/2022
672,0.992630385,0.964058957,0.964058957,0.964058957,0.770464853,0.835643424,0.833092404,0.940462018,0.947831633,0.940462018,0.974943311,0.974943311,0.974943311,0.974943311,0.974943311,0,0,0,0,1/24/2022
673,0.992630385,0.957847777,0.964058957,0.964058957,0.781075619,0.828397047,0.831798408,0.934250838,0.941620453,0.934250838,0.974943311,0.968732131,0.974943311,0.974943311,0.974943311,0.00621118,0.00621118,0,0.00621118,1/25/2022
674,0.992630385,0.986419205,0.992630385,0.992630385,0.834647047,0.839111333,0.824655551,0.962822267,0.970191881,0.962822267,0.989229025,0.983017845,0.989229025,0.989229025,0.989229025,0.00621118,0.00621118,0,0.00621118,1/26/2022
675,0.992630385,0.986419205,0.992630385,0.992630385,0.863218476,0.867682762,0.853226979,0.962822267,0.970191881,0.962822267,0.989229025,0.983017845,0.989229025,0.989229025,0.989229025,0.00621118,0.00621118,0,0.00621118,1/27/2022
676,0.996598639,0.990387459,0.996598639,0.996598639,0.864012127,0.875619269,0.861163487,0.966790521,0.970191881,0.966790521,0.993197279,0.986986099,0.993197279,0.993197279,0.993197279,0.00621118,0.00621118,0,0.00621118,1/28/2022
677,0.996598639,0.990387459,0.996598639,0.996598639,0.854991127,0.86378845,0.845931307,0.966790521,0.970191881,0.966790521,0.993197279,0.986986099,0.993197279,0.993197279,0.993197279,0.00621118,0.00621118,0,0.00621118,1/29/2022
678,1,0.986986099,1,1,0.87539929,0.880795253,0.86293811,0.959987799,0.959987799,0.959987799,1,0.99378882,1,1,1,0.00621118,0.00621118,0,0.00621118,1/30/2022
679,1,0.986986099,1,1,0.884327862,0.885259539,0.867402396,0.973380657,0.973380657,0.973380657,1,0.99378882,1,1,1,0.00621118,0.00621118,0,0.00621118,1/31/2022
680,1,0.993197279,1,1,0.915383762,0.916315439,0.898458296,0.979591837,0.979591837,0.979591837,1,1,1,1,1,0,0,0,0,2/1/2022
681,1,0.993197279,1,1,0.861812334,0.862744011,0.862744011,0.979591837,0.979591837,0.979591837,1,1,1,1,1,0,0,0,0,2/2/2022
682,1,0.993197279,1,1,0.861812334,0.862744011,0.862744011,0.979591837,0.979591837,0.979591837,1,1,1,1,1,0,0,0,0,2/3/2022
683,1,0.993197279,1,1,0.849907572,0.853220201,0.853220201,0.979591837,0.979591837,0.979591837,1,1,1,1,1,0,0,0,0,2/4/2022
684,1,0.986054422,1,1,0.840901361,0.85042517,0.843282313,0.979591837,0.979591837,0.979591837,1,0.992857143,1,1,1,0.007142857,0.007142857,0.007142857,0.007142857,2/5/2022
685,1,0.992857143,1,1,0.832738095,0.842261905,0.835119048,0.985714286,0.985714286,0.985714286,1,0.992857143,1,1,1,0.007142857,0.007142857,0.007142857,0.007142857,2/6/2022
686,1,0.992857143,1,1,0.816666667,0.84047619,0.833333333,0.971428571,0.985714286,0.985714286,1,0.992857143,1,1,1,0.007142857,0.007142857,0.007142857,0.007142857,2/7/2022
687,1,0.992857143,1,1,0.769047619,0.792857143,0.785714286,0.947619048,0.961904762,0.961904762,1,0.992857143,1,1,1,0.007142857,0.007142857,0.007142857,0.007142857,2/8/2022
688,1,0.992857143,1,1,0.84047619,0.864285714,0.857142857,0.947619048,0.961904762,0.961904762,1,0.992857143,1,1,1,0.007142857,0.007142857,0.007142857,0.007142857,2/9/2022
689,1,0.992857143,1,1,0.84047619,0.864285714,0.857142857,0.947619048,0.961904762,0.961904762,1,0.992857143,1,1,1,0.007142857,0.007142857,0.007142857,0.007142857,2/10/2022
690,1,0.992857143,1,1,0.823809524,0.838095238,0.830952381,0.947619048,0.961904762,0.961904762,1,0.992857143,1,1,1,0.007142857,0.007142857,0.007142857,0.007142857,2/11/2022
691,1,1,1,1,0.804421769,0.839115646,0.839115646,0.927210884,0.961904762,0.961904762,1,1,1,1,0.979591837,0,0,0,0,2/12/2022
692,1,1,1,1,0.832993197,0.867687075,0.867687075,0.941496599,0.976190476,0.976190476,1,1,1,1,0.979591837,0,0,0,0,2/13/2022
693,1,0.982142857,1,1,0.857993197,0.860544218,0.860544218,0.955782313,0.976190476,0.976190476,1,1,1,1,0.979591837,0.017857143,0,0,0,2/14/2022
694,1,0.982142857,1,1,0.905612245,0.908163265,0.908163265,0.979591837,1,1,1,1,1,1,0.979591837,0.017857143,0,0,0,2/15/2022
695,1,0.982142857,1,1,0.905612245,0.908163265,0.908163265,0.979591837,1,1,1,1,1,1,0.979591837,0.017857143,0,0,0,2/16/2022
696,1,0.982142857,1,1,0.905612245,0.908163265,0.908163265,0.979591837,1,1,1,1,1,1,0.979591837,0.017857143,0,0,0,2/17/2022
697,1,0.982142857,1,1,0.869897959,0.87244898,0.87244898,0.979591837,1,1,1,1,1,1,0.979591837,0.017857143,0,0,0,2/18/2022
698,1,0.982142857,1,1,0.81547619,0.797619048,0.797619048,1,1,1,1,1,1,1,1,0.017857143,0,0,0,2/19/2022
699,1,0.979166667,1,1,0.784722222,0.763888889,0.763888889,1,1,1,1,1,1,1,1,0.020833333,0,0,0,2/20/2022
700,1,0.833333333,0.833333333,0.833333333,0.638888889,0.805555556,0.805555556,1,1,1,1,1,1,1,1,0,0,0,0,2/21/2022
701,1,0.833333333,0.833333333,0.833333333,0.638888889,0.638888889,0.638888889,1,1,1,1,1,1,1,1,0,0,0,0,2/22/2022
702,1,0.8,0.8,0.8,0.566666667,0.566666667,0.566666667,1,1,1,1,1,1,1,1,0,0,0,0,2/23/2022
703,1,0.8,0.8,0.8,0.516666667,0.516666667,0.516666667,1,1,1,1,1,1,1,1,0,0,0,0,2/24/2022
704,1,0.8,0.8,0.8,0.416666667,0.416666667,0.616666667,1,1,1,1,1,1,1,1,0,0,0,0,2/25/2022
705,1,0.6,0.8,0.8,0.55,0.55,0.55,1,1,1,1,0.8,1,1,1,0.2,0.2,0.2,0.2,2/26/2022
706,1,0.6,0.8,0.8,0.55,0.55,0.55,1,1,1,1,0.8,1,1,1,0.2,0.2,0.2,0.2,2/27/2022
707,1,0.75,1,1,0.6875,0.4375,0.4375,1,1,1,1,0.75,1,1,1,0.25,0.25,0.25,0.25,2/28/2022
708,1,0.666666667,1,1,0.583333333,0.583333333,0.583333333,1,1,1,1,0.666666667,1,1,1,0.333333333,0.333333333,0.333333333,0.333333333,3/1/2022
709,1,0.666666667,1,1,0.583333333,0.583333333,0.583333333,1,1,1,1,0.666666667,1,1,1,0.333333333,0.333333333,0.333333333,0.333333333,3/2/2022
710,1,0.5,1,1,0.5,0.5,0.5,1,1,1,1,0.5,1,1,1,0.5,0.5,0.5,0.5,3/3/2022
711,1,0,1,1,1,1,0,1,1,1,1,0,1,1,1,1,1,1,1,3/4/2022
712,NA,NA,NA,NA,NA,NA,NA,NA,NA,NA,NA,NA,NA,NA,NA,NA,NA,NA,NA,3/5/2022
713,NA,NA,NA,NA,NA,NA,NA,NA,NA,NA,NA,NA,NA,NA,NA,NA,NA,NA,NA,3/6/2022
714,NA,NA,NA,NA,NA,NA,NA,NA,NA,NA,NA,NA,NA,NA,NA,NA,NA,NA,NA,3/7/2022
715,NA,NA,NA,NA,NA,NA,NA,NA,NA,NA,NA,NA,NA,NA,NA,NA,NA,NA,NA,3/8/2022
716,NA,NA,NA,NA,NA,NA,NA,NA,NA,NA,NA,NA,NA,NA,NA,NA,NA,NA,NA,3/9/2022
717,1,0,1,1,1,1,0,1,1,1,1,0,1,1,1,1,1,1,1,3/10/2022
718,1,0,1,1,1,1,0,1,1,1,1,0,1,1,1,1,1,1,1,3/11/2022
719,1,0,1,1,1,1,0,1,1,1,1,0,1,1,1,1,1,1,1,3/12/2022
720,1,0,1,1,1,1,0,1,1,1,1,0,1,1,1,1,1,1,1,3/13/2022
721,1,0,1,1,1,1,0,1,1,1,1,0,1,1,1,1,1,1,1,3/14/2022
722,1,0,1,1,1,1,0,1,1,1,1,0,1,1,1,1,1,1,1,3/15/2022
723,1,0,1,1,1,1,0,1,1,1,1,0,1,1,1,1,1,1,1,3/16/2022
724,NA,NA,NA,NA,NA,NA,NA,NA,NA,NA,NA,NA,NA,NA,NA,NA,NA,NA,NA,3/17/2022
725,1,1,1,1,1,1,1,1,1,1,1,1,1,1,1,0,0,0,0,3/18/2022
726,1,1,1,1,1,1,1,1,1,1,1,1,1,1,1,0,0,0,0,3/19/2022
727,1,0.833333333,1,1,1,1,0.666666667,1,1,1,1,0.833333333,1,1,1,0.166666667,0.166666667,0.166666667,0.166666667,3/20/2022
728,1,0.555555556,1,1,1,1,0.444444444,1,1,1,1,0.555555556,1,1,1,0.444444444,0.444444444,0.444444444,0.444444444,3/21/2022
728,NA,NA,NA,NA,NA,NA,NA,NA,NA,NA,NA,NA,NA,NA,NA,NA,NA,NA,NA,3/22/2022
